username,password,en_pwd
84151000139,random,13e51430d055eb5b4bd4fba3900bfaef84f42cb50bde8d7e0c6486fb56ab17932629
84151000471,random,13e51430d055eb5b4bd4fba3900bfaef84f42cb50bde8d7e0c6486fb56ab17932629
84151000870,random,13e51430d055eb5b4bd4fba3900bfaef84f42cb50bde8d7e0c6486fb56ab17932629
84151002252,random,13e51430d055eb5b4bd4fba3900bfaef84f42cb50bde8d7e0c6486fb56ab17932629
84151003750,random,13e51430d055eb5b4bd4fba3900bfaef84f42cb50bde8d7e0c6486fb56ab17932629
84151004803,random,13e51430d055eb5b4bd4fba3900bfaef84f42cb50bde8d7e0c6486fb56ab17932629
84151008439,random,13e51430d055eb5b4bd4fba3900bfaef84f42cb50bde8d7e0c6486fb56ab17932629
84151009528,random,13e51430d055eb5b4bd4fba3900bfaef84f42cb50bde8d7e0c6486fb56ab17932629
84151010490,random,13e51430d055eb5b4bd4fba3900bfaef84f42cb50bde8d7e0c6486fb56ab17932629
84151011301,random,13e51430d055eb5b4bd4fba3900bfaef84f42cb50bde8d7e0c6486fb56ab17932629
84151011446,random,13e51430d055eb5b4bd4fba3900bfaef84f42cb50bde8d7e0c6486fb56ab17932629
84151012101,random,13e51430d055eb5b4bd4fba3900bfaef84f42cb50bde8d7e0c6486fb56ab17932629
84151012284,random,13e51430d055eb5b4bd4fba3900bfaef84f42cb50bde8d7e0c6486fb56ab17932629
84151013342,random,13e51430d055eb5b4bd4fba3900bfaef84f42cb50bde8d7e0c6486fb56ab17932629
84151014371,random,13e51430d055eb5b4bd4fba3900bfaef84f42cb50bde8d7e0c6486fb56ab17932629
84151016195,random,13e51430d055eb5b4bd4fba3900bfaef84f42cb50bde8d7e0c6486fb56ab17932629
84151017010,random,13e51430d055eb5b4bd4fba3900bfaef84f42cb50bde8d7e0c6486fb56ab17932629
84151017378,random,13e51430d055eb5b4bd4fba3900bfaef84f42cb50bde8d7e0c6486fb56ab17932629
84151017480,random,13e51430d055eb5b4bd4fba3900bfaef84f42cb50bde8d7e0c6486fb56ab17932629
84151017619,random,13e51430d055eb5b4bd4fba3900bfaef84f42cb50bde8d7e0c6486fb56ab17932629
84151019058,random,13e51430d055eb5b4bd4fba3900bfaef84f42cb50bde8d7e0c6486fb56ab17932629
84151019747,random,13e51430d055eb5b4bd4fba3900bfaef84f42cb50bde8d7e0c6486fb56ab17932629
84151020778,random,13e51430d055eb5b4bd4fba3900bfaef84f42cb50bde8d7e0c6486fb56ab17932629
84151021019,random,13e51430d055eb5b4bd4fba3900bfaef84f42cb50bde8d7e0c6486fb56ab17932629
84151022723,random,13e51430d055eb5b4bd4fba3900bfaef84f42cb50bde8d7e0c6486fb56ab17932629
84151023827,random,13e51430d055eb5b4bd4fba3900bfaef84f42cb50bde8d7e0c6486fb56ab17932629
84151023988,random,13e51430d055eb5b4bd4fba3900bfaef84f42cb50bde8d7e0c6486fb56ab17932629
84151024980,random,13e51430d055eb5b4bd4fba3900bfaef84f42cb50bde8d7e0c6486fb56ab17932629
84151026965,random,13e51430d055eb5b4bd4fba3900bfaef84f42cb50bde8d7e0c6486fb56ab17932629
84151028184,random,13e51430d055eb5b4bd4fba3900bfaef84f42cb50bde8d7e0c6486fb56ab17932629
84151028613,random,13e51430d055eb5b4bd4fba3900bfaef84f42cb50bde8d7e0c6486fb56ab17932629
84151029161,random,13e51430d055eb5b4bd4fba3900bfaef84f42cb50bde8d7e0c6486fb56ab17932629
84151029442,random,13e51430d055eb5b4bd4fba3900bfaef84f42cb50bde8d7e0c6486fb56ab17932629
84151029704,random,13e51430d055eb5b4bd4fba3900bfaef84f42cb50bde8d7e0c6486fb56ab17932629
84151030057,random,13e51430d055eb5b4bd4fba3900bfaef84f42cb50bde8d7e0c6486fb56ab17932629
84151031756,random,13e51430d055eb5b4bd4fba3900bfaef84f42cb50bde8d7e0c6486fb56ab17932629
84151032160,random,13e51430d055eb5b4bd4fba3900bfaef84f42cb50bde8d7e0c6486fb56ab17932629
84151032859,random,13e51430d055eb5b4bd4fba3900bfaef84f42cb50bde8d7e0c6486fb56ab17932629
84151032940,random,13e51430d055eb5b4bd4fba3900bfaef84f42cb50bde8d7e0c6486fb56ab17932629
84151033276,random,13e51430d055eb5b4bd4fba3900bfaef84f42cb50bde8d7e0c6486fb56ab17932629
84151033837,random,13e51430d055eb5b4bd4fba3900bfaef84f42cb50bde8d7e0c6486fb56ab17932629
84151037531,random,13e51430d055eb5b4bd4fba3900bfaef84f42cb50bde8d7e0c6486fb56ab17932629
84151037864,random,13e51430d055eb5b4bd4fba3900bfaef84f42cb50bde8d7e0c6486fb56ab17932629
84151038331,random,13e51430d055eb5b4bd4fba3900bfaef84f42cb50bde8d7e0c6486fb56ab17932629
84151038606,random,13e51430d055eb5b4bd4fba3900bfaef84f42cb50bde8d7e0c6486fb56ab17932629
84151039498,random,13e51430d055eb5b4bd4fba3900bfaef84f42cb50bde8d7e0c6486fb56ab17932629
84151039990,random,13e51430d055eb5b4bd4fba3900bfaef84f42cb50bde8d7e0c6486fb56ab17932629
84151041040,random,13e51430d055eb5b4bd4fba3900bfaef84f42cb50bde8d7e0c6486fb56ab17932629
84151041871,random,13e51430d055eb5b4bd4fba3900bfaef84f42cb50bde8d7e0c6486fb56ab17932629
84151042364,random,13e51430d055eb5b4bd4fba3900bfaef84f42cb50bde8d7e0c6486fb56ab17932629
84151044234,random,13e51430d055eb5b4bd4fba3900bfaef84f42cb50bde8d7e0c6486fb56ab17932629
84151044527,random,13e51430d055eb5b4bd4fba3900bfaef84f42cb50bde8d7e0c6486fb56ab17932629
84151044869,random,13e51430d055eb5b4bd4fba3900bfaef84f42cb50bde8d7e0c6486fb56ab17932629
84151045886,random,13e51430d055eb5b4bd4fba3900bfaef84f42cb50bde8d7e0c6486fb56ab17932629
84151045935,random,13e51430d055eb5b4bd4fba3900bfaef84f42cb50bde8d7e0c6486fb56ab17932629
84151046252,random,13e51430d055eb5b4bd4fba3900bfaef84f42cb50bde8d7e0c6486fb56ab17932629
84151046600,random,13e51430d055eb5b4bd4fba3900bfaef84f42cb50bde8d7e0c6486fb56ab17932629
84151046628,random,13e51430d055eb5b4bd4fba3900bfaef84f42cb50bde8d7e0c6486fb56ab17932629
84151048340,random,13e51430d055eb5b4bd4fba3900bfaef84f42cb50bde8d7e0c6486fb56ab17932629
84151048537,random,13e51430d055eb5b4bd4fba3900bfaef84f42cb50bde8d7e0c6486fb56ab17932629
84151050835,random,13e51430d055eb5b4bd4fba3900bfaef84f42cb50bde8d7e0c6486fb56ab17932629
84151051972,random,13e51430d055eb5b4bd4fba3900bfaef84f42cb50bde8d7e0c6486fb56ab17932629
84151052852,random,13e51430d055eb5b4bd4fba3900bfaef84f42cb50bde8d7e0c6486fb56ab17932629
84151053572,random,13e51430d055eb5b4bd4fba3900bfaef84f42cb50bde8d7e0c6486fb56ab17932629
84151053784,random,13e51430d055eb5b4bd4fba3900bfaef84f42cb50bde8d7e0c6486fb56ab17932629
84151053973,random,13e51430d055eb5b4bd4fba3900bfaef84f42cb50bde8d7e0c6486fb56ab17932629
84151054600,random,13e51430d055eb5b4bd4fba3900bfaef84f42cb50bde8d7e0c6486fb56ab17932629
84151054662,random,13e51430d055eb5b4bd4fba3900bfaef84f42cb50bde8d7e0c6486fb56ab17932629
84151054937,random,13e51430d055eb5b4bd4fba3900bfaef84f42cb50bde8d7e0c6486fb56ab17932629
84151055574,random,13e51430d055eb5b4bd4fba3900bfaef84f42cb50bde8d7e0c6486fb56ab17932629
84151055783,random,13e51430d055eb5b4bd4fba3900bfaef84f42cb50bde8d7e0c6486fb56ab17932629
84151055880,random,13e51430d055eb5b4bd4fba3900bfaef84f42cb50bde8d7e0c6486fb56ab17932629
84151057089,random,13e51430d055eb5b4bd4fba3900bfaef84f42cb50bde8d7e0c6486fb56ab17932629
84151058266,random,13e51430d055eb5b4bd4fba3900bfaef84f42cb50bde8d7e0c6486fb56ab17932629
84151059289,random,13e51430d055eb5b4bd4fba3900bfaef84f42cb50bde8d7e0c6486fb56ab17932629
84151061120,random,13e51430d055eb5b4bd4fba3900bfaef84f42cb50bde8d7e0c6486fb56ab17932629
84151061950,random,13e51430d055eb5b4bd4fba3900bfaef84f42cb50bde8d7e0c6486fb56ab17932629
84151062046,random,13e51430d055eb5b4bd4fba3900bfaef84f42cb50bde8d7e0c6486fb56ab17932629
84151066021,random,13e51430d055eb5b4bd4fba3900bfaef84f42cb50bde8d7e0c6486fb56ab17932629
84151066224,random,13e51430d055eb5b4bd4fba3900bfaef84f42cb50bde8d7e0c6486fb56ab17932629
84151066430,random,13e51430d055eb5b4bd4fba3900bfaef84f42cb50bde8d7e0c6486fb56ab17932629
84151067357,random,13e51430d055eb5b4bd4fba3900bfaef84f42cb50bde8d7e0c6486fb56ab17932629
84151069453,random,13e51430d055eb5b4bd4fba3900bfaef84f42cb50bde8d7e0c6486fb56ab17932629
84151069592,random,13e51430d055eb5b4bd4fba3900bfaef84f42cb50bde8d7e0c6486fb56ab17932629
84151070660,random,13e51430d055eb5b4bd4fba3900bfaef84f42cb50bde8d7e0c6486fb56ab17932629
84151072002,random,13e51430d055eb5b4bd4fba3900bfaef84f42cb50bde8d7e0c6486fb56ab17932629
84151073420,random,13e51430d055eb5b4bd4fba3900bfaef84f42cb50bde8d7e0c6486fb56ab17932629
84151074161,random,13e51430d055eb5b4bd4fba3900bfaef84f42cb50bde8d7e0c6486fb56ab17932629
84151075756,random,13e51430d055eb5b4bd4fba3900bfaef84f42cb50bde8d7e0c6486fb56ab17932629
84151076405,random,13e51430d055eb5b4bd4fba3900bfaef84f42cb50bde8d7e0c6486fb56ab17932629
84151076913,random,13e51430d055eb5b4bd4fba3900bfaef84f42cb50bde8d7e0c6486fb56ab17932629
84151077414,random,13e51430d055eb5b4bd4fba3900bfaef84f42cb50bde8d7e0c6486fb56ab17932629
84151077643,random,13e51430d055eb5b4bd4fba3900bfaef84f42cb50bde8d7e0c6486fb56ab17932629
84151077854,random,13e51430d055eb5b4bd4fba3900bfaef84f42cb50bde8d7e0c6486fb56ab17932629
84151078515,random,13e51430d055eb5b4bd4fba3900bfaef84f42cb50bde8d7e0c6486fb56ab17932629
84151078902,random,13e51430d055eb5b4bd4fba3900bfaef84f42cb50bde8d7e0c6486fb56ab17932629
84151080698,random,13e51430d055eb5b4bd4fba3900bfaef84f42cb50bde8d7e0c6486fb56ab17932629
84151080920,random,13e51430d055eb5b4bd4fba3900bfaef84f42cb50bde8d7e0c6486fb56ab17932629
84151081263,random,13e51430d055eb5b4bd4fba3900bfaef84f42cb50bde8d7e0c6486fb56ab17932629
84151081762,random,13e51430d055eb5b4bd4fba3900bfaef84f42cb50bde8d7e0c6486fb56ab17932629
84151082266,random,13e51430d055eb5b4bd4fba3900bfaef84f42cb50bde8d7e0c6486fb56ab17932629
84151082350,random,13e51430d055eb5b4bd4fba3900bfaef84f42cb50bde8d7e0c6486fb56ab17932629
84151082856,random,13e51430d055eb5b4bd4fba3900bfaef84f42cb50bde8d7e0c6486fb56ab17932629
84151083038,random,13e51430d055eb5b4bd4fba3900bfaef84f42cb50bde8d7e0c6486fb56ab17932629
84151085145,random,13e51430d055eb5b4bd4fba3900bfaef84f42cb50bde8d7e0c6486fb56ab17932629
84151085328,random,13e51430d055eb5b4bd4fba3900bfaef84f42cb50bde8d7e0c6486fb56ab17932629
84151090246,random,13e51430d055eb5b4bd4fba3900bfaef84f42cb50bde8d7e0c6486fb56ab17932629
84151092050,random,13e51430d055eb5b4bd4fba3900bfaef84f42cb50bde8d7e0c6486fb56ab17932629
84151092394,random,13e51430d055eb5b4bd4fba3900bfaef84f42cb50bde8d7e0c6486fb56ab17932629
84151092790,random,13e51430d055eb5b4bd4fba3900bfaef84f42cb50bde8d7e0c6486fb56ab17932629
84151093367,random,13e51430d055eb5b4bd4fba3900bfaef84f42cb50bde8d7e0c6486fb56ab17932629
84151093744,random,13e51430d055eb5b4bd4fba3900bfaef84f42cb50bde8d7e0c6486fb56ab17932629
84151093835,random,13e51430d055eb5b4bd4fba3900bfaef84f42cb50bde8d7e0c6486fb56ab17932629
84151094610,random,13e51430d055eb5b4bd4fba3900bfaef84f42cb50bde8d7e0c6486fb56ab17932629
84151096762,random,13e51430d055eb5b4bd4fba3900bfaef84f42cb50bde8d7e0c6486fb56ab17932629
84151096865,random,13e51430d055eb5b4bd4fba3900bfaef84f42cb50bde8d7e0c6486fb56ab17932629
84151096899,random,13e51430d055eb5b4bd4fba3900bfaef84f42cb50bde8d7e0c6486fb56ab17932629
84151097035,random,13e51430d055eb5b4bd4fba3900bfaef84f42cb50bde8d7e0c6486fb56ab17932629
84151097651,random,13e51430d055eb5b4bd4fba3900bfaef84f42cb50bde8d7e0c6486fb56ab17932629
84151097851,random,13e51430d055eb5b4bd4fba3900bfaef84f42cb50bde8d7e0c6486fb56ab17932629
84151098562,random,13e51430d055eb5b4bd4fba3900bfaef84f42cb50bde8d7e0c6486fb56ab17932629
84151123876,random,13e51430d055eb5b4bd4fba3900bfaef84f42cb50bde8d7e0c6486fb56ab17932629
84151128871,random,13e51430d055eb5b4bd4fba3900bfaef84f42cb50bde8d7e0c6486fb56ab17932629
84151145299,random,13e51430d055eb5b4bd4fba3900bfaef84f42cb50bde8d7e0c6486fb56ab17932629
84151155007,random,13e51430d055eb5b4bd4fba3900bfaef84f42cb50bde8d7e0c6486fb56ab17932629
84151166653,random,13e51430d055eb5b4bd4fba3900bfaef84f42cb50bde8d7e0c6486fb56ab17932629
84151167979,random,13e51430d055eb5b4bd4fba3900bfaef84f42cb50bde8d7e0c6486fb56ab17932629
84151174497,random,13e51430d055eb5b4bd4fba3900bfaef84f42cb50bde8d7e0c6486fb56ab17932629
84151196236,random,13e51430d055eb5b4bd4fba3900bfaef84f42cb50bde8d7e0c6486fb56ab17932629
84151210086,random,13e51430d055eb5b4bd4fba3900bfaef84f42cb50bde8d7e0c6486fb56ab17932629
84151210348,random,13e51430d055eb5b4bd4fba3900bfaef84f42cb50bde8d7e0c6486fb56ab17932629
84151220456,random,13e51430d055eb5b4bd4fba3900bfaef84f42cb50bde8d7e0c6486fb56ab17932629
84151221823,random,13e51430d055eb5b4bd4fba3900bfaef84f42cb50bde8d7e0c6486fb56ab17932629
84151267898,random,13e51430d055eb5b4bd4fba3900bfaef84f42cb50bde8d7e0c6486fb56ab17932629
84151269091,random,13e51430d055eb5b4bd4fba3900bfaef84f42cb50bde8d7e0c6486fb56ab17932629
84151269419,random,13e51430d055eb5b4bd4fba3900bfaef84f42cb50bde8d7e0c6486fb56ab17932629
84151272024,random,13e51430d055eb5b4bd4fba3900bfaef84f42cb50bde8d7e0c6486fb56ab17932629
84151273940,random,13e51430d055eb5b4bd4fba3900bfaef84f42cb50bde8d7e0c6486fb56ab17932629
84151302549,random,13e51430d055eb5b4bd4fba3900bfaef84f42cb50bde8d7e0c6486fb56ab17932629
84151306298,random,13e51430d055eb5b4bd4fba3900bfaef84f42cb50bde8d7e0c6486fb56ab17932629
84151322275,random,13e51430d055eb5b4bd4fba3900bfaef84f42cb50bde8d7e0c6486fb56ab17932629
84151323221,random,13e51430d055eb5b4bd4fba3900bfaef84f42cb50bde8d7e0c6486fb56ab17932629
84151340422,random,13e51430d055eb5b4bd4fba3900bfaef84f42cb50bde8d7e0c6486fb56ab17932629
84151365278,random,13e51430d055eb5b4bd4fba3900bfaef84f42cb50bde8d7e0c6486fb56ab17932629
84151393369,random,13e51430d055eb5b4bd4fba3900bfaef84f42cb50bde8d7e0c6486fb56ab17932629
84151394637,random,13e51430d055eb5b4bd4fba3900bfaef84f42cb50bde8d7e0c6486fb56ab17932629
84151400198,random,13e51430d055eb5b4bd4fba3900bfaef84f42cb50bde8d7e0c6486fb56ab17932629
84151407465,random,13e51430d055eb5b4bd4fba3900bfaef84f42cb50bde8d7e0c6486fb56ab17932629
84151422147,random,13e51430d055eb5b4bd4fba3900bfaef84f42cb50bde8d7e0c6486fb56ab17932629
84151431225,random,13e51430d055eb5b4bd4fba3900bfaef84f42cb50bde8d7e0c6486fb56ab17932629
84151432413,random,13e51430d055eb5b4bd4fba3900bfaef84f42cb50bde8d7e0c6486fb56ab17932629
84151441528,random,13e51430d055eb5b4bd4fba3900bfaef84f42cb50bde8d7e0c6486fb56ab17932629
84151449682,random,13e51430d055eb5b4bd4fba3900bfaef84f42cb50bde8d7e0c6486fb56ab17932629
84151450759,random,13e51430d055eb5b4bd4fba3900bfaef84f42cb50bde8d7e0c6486fb56ab17932629
84151453518,random,13e51430d055eb5b4bd4fba3900bfaef84f42cb50bde8d7e0c6486fb56ab17932629
84151471405,random,13e51430d055eb5b4bd4fba3900bfaef84f42cb50bde8d7e0c6486fb56ab17932629
84151471961,random,13e51430d055eb5b4bd4fba3900bfaef84f42cb50bde8d7e0c6486fb56ab17932629
84151480500,random,13e51430d055eb5b4bd4fba3900bfaef84f42cb50bde8d7e0c6486fb56ab17932629
84151506065,random,13e51430d055eb5b4bd4fba3900bfaef84f42cb50bde8d7e0c6486fb56ab17932629
84151516289,random,13e51430d055eb5b4bd4fba3900bfaef84f42cb50bde8d7e0c6486fb56ab17932629
84151560436,random,13e51430d055eb5b4bd4fba3900bfaef84f42cb50bde8d7e0c6486fb56ab17932629
84151584146,random,13e51430d055eb5b4bd4fba3900bfaef84f42cb50bde8d7e0c6486fb56ab17932629
84151602212,random,13e51430d055eb5b4bd4fba3900bfaef84f42cb50bde8d7e0c6486fb56ab17932629
84151606769,random,13e51430d055eb5b4bd4fba3900bfaef84f42cb50bde8d7e0c6486fb56ab17932629
84151615336,random,13e51430d055eb5b4bd4fba3900bfaef84f42cb50bde8d7e0c6486fb56ab17932629
84151632198,random,13e51430d055eb5b4bd4fba3900bfaef84f42cb50bde8d7e0c6486fb56ab17932629
84151662750,random,13e51430d055eb5b4bd4fba3900bfaef84f42cb50bde8d7e0c6486fb56ab17932629
84151667929,random,13e51430d055eb5b4bd4fba3900bfaef84f42cb50bde8d7e0c6486fb56ab17932629
84151679339,random,13e51430d055eb5b4bd4fba3900bfaef84f42cb50bde8d7e0c6486fb56ab17932629
84151681910,random,13e51430d055eb5b4bd4fba3900bfaef84f42cb50bde8d7e0c6486fb56ab17932629
84151682950,random,13e51430d055eb5b4bd4fba3900bfaef84f42cb50bde8d7e0c6486fb56ab17932629
84151695325,random,13e51430d055eb5b4bd4fba3900bfaef84f42cb50bde8d7e0c6486fb56ab17932629
84151699020,random,13e51430d055eb5b4bd4fba3900bfaef84f42cb50bde8d7e0c6486fb56ab17932629
84151700383,random,13e51430d055eb5b4bd4fba3900bfaef84f42cb50bde8d7e0c6486fb56ab17932629
84151719617,random,13e51430d055eb5b4bd4fba3900bfaef84f42cb50bde8d7e0c6486fb56ab17932629
84151723213,random,13e51430d055eb5b4bd4fba3900bfaef84f42cb50bde8d7e0c6486fb56ab17932629
84151723220,random,13e51430d055eb5b4bd4fba3900bfaef84f42cb50bde8d7e0c6486fb56ab17932629
84151750017,random,13e51430d055eb5b4bd4fba3900bfaef84f42cb50bde8d7e0c6486fb56ab17932629
84151751901,random,13e51430d055eb5b4bd4fba3900bfaef84f42cb50bde8d7e0c6486fb56ab17932629
84151756043,random,13e51430d055eb5b4bd4fba3900bfaef84f42cb50bde8d7e0c6486fb56ab17932629
84151763534,random,13e51430d055eb5b4bd4fba3900bfaef84f42cb50bde8d7e0c6486fb56ab17932629
84151768984,random,13e51430d055eb5b4bd4fba3900bfaef84f42cb50bde8d7e0c6486fb56ab17932629
84151769033,random,13e51430d055eb5b4bd4fba3900bfaef84f42cb50bde8d7e0c6486fb56ab17932629
84151780426,random,13e51430d055eb5b4bd4fba3900bfaef84f42cb50bde8d7e0c6486fb56ab17932629
84151793505,random,13e51430d055eb5b4bd4fba3900bfaef84f42cb50bde8d7e0c6486fb56ab17932629
84151793811,random,13e51430d055eb5b4bd4fba3900bfaef84f42cb50bde8d7e0c6486fb56ab17932629
84151806628,random,13e51430d055eb5b4bd4fba3900bfaef84f42cb50bde8d7e0c6486fb56ab17932629
84151812305,random,13e51430d055eb5b4bd4fba3900bfaef84f42cb50bde8d7e0c6486fb56ab17932629
84151813967,random,13e51430d055eb5b4bd4fba3900bfaef84f42cb50bde8d7e0c6486fb56ab17932629
84151822515,random,13e51430d055eb5b4bd4fba3900bfaef84f42cb50bde8d7e0c6486fb56ab17932629
84151824212,random,13e51430d055eb5b4bd4fba3900bfaef84f42cb50bde8d7e0c6486fb56ab17932629
84151825182,random,13e51430d055eb5b4bd4fba3900bfaef84f42cb50bde8d7e0c6486fb56ab17932629
84151828303,random,13e51430d055eb5b4bd4fba3900bfaef84f42cb50bde8d7e0c6486fb56ab17932629
84151843927,random,13e51430d055eb5b4bd4fba3900bfaef84f42cb50bde8d7e0c6486fb56ab17932629
84151884446,random,13e51430d055eb5b4bd4fba3900bfaef84f42cb50bde8d7e0c6486fb56ab17932629
84151884602,random,13e51430d055eb5b4bd4fba3900bfaef84f42cb50bde8d7e0c6486fb56ab17932629
84151884625,random,13e51430d055eb5b4bd4fba3900bfaef84f42cb50bde8d7e0c6486fb56ab17932629
84151889101,random,13e51430d055eb5b4bd4fba3900bfaef84f42cb50bde8d7e0c6486fb56ab17932629
84151895337,random,13e51430d055eb5b4bd4fba3900bfaef84f42cb50bde8d7e0c6486fb56ab17932629
84151924840,random,13e51430d055eb5b4bd4fba3900bfaef84f42cb50bde8d7e0c6486fb56ab17932629
84151944984,random,13e51430d055eb5b4bd4fba3900bfaef84f42cb50bde8d7e0c6486fb56ab17932629
84151965392,random,13e51430d055eb5b4bd4fba3900bfaef84f42cb50bde8d7e0c6486fb56ab17932629
84151989869,random,13e51430d055eb5b4bd4fba3900bfaef84f42cb50bde8d7e0c6486fb56ab17932629
84151997124,random,13e51430d055eb5b4bd4fba3900bfaef84f42cb50bde8d7e0c6486fb56ab17932629
84152004983,random,13e51430d055eb5b4bd4fba3900bfaef84f42cb50bde8d7e0c6486fb56ab17932629
84152012870,random,13e51430d055eb5b4bd4fba3900bfaef84f42cb50bde8d7e0c6486fb56ab17932629
84152014572,random,13e51430d055eb5b4bd4fba3900bfaef84f42cb50bde8d7e0c6486fb56ab17932629
84152019266,random,13e51430d055eb5b4bd4fba3900bfaef84f42cb50bde8d7e0c6486fb56ab17932629
84152031420,random,13e51430d055eb5b4bd4fba3900bfaef84f42cb50bde8d7e0c6486fb56ab17932629
84152033309,random,13e51430d055eb5b4bd4fba3900bfaef84f42cb50bde8d7e0c6486fb56ab17932629
84152040908,random,13e51430d055eb5b4bd4fba3900bfaef84f42cb50bde8d7e0c6486fb56ab17932629
84152043901,random,13e51430d055eb5b4bd4fba3900bfaef84f42cb50bde8d7e0c6486fb56ab17932629
84152056217,random,13e51430d055eb5b4bd4fba3900bfaef84f42cb50bde8d7e0c6486fb56ab17932629
84152086530,random,13e51430d055eb5b4bd4fba3900bfaef84f42cb50bde8d7e0c6486fb56ab17932629
84152088454,random,13e51430d055eb5b4bd4fba3900bfaef84f42cb50bde8d7e0c6486fb56ab17932629
84152108711,random,13e51430d055eb5b4bd4fba3900bfaef84f42cb50bde8d7e0c6486fb56ab17932629
84152109196,random,13e51430d055eb5b4bd4fba3900bfaef84f42cb50bde8d7e0c6486fb56ab17932629
84152141652,random,13e51430d055eb5b4bd4fba3900bfaef84f42cb50bde8d7e0c6486fb56ab17932629
84152148794,random,13e51430d055eb5b4bd4fba3900bfaef84f42cb50bde8d7e0c6486fb56ab17932629
84152151929,random,13e51430d055eb5b4bd4fba3900bfaef84f42cb50bde8d7e0c6486fb56ab17932629
84152153839,random,13e51430d055eb5b4bd4fba3900bfaef84f42cb50bde8d7e0c6486fb56ab17932629
84152155601,random,13e51430d055eb5b4bd4fba3900bfaef84f42cb50bde8d7e0c6486fb56ab17932629
84152156392,random,13e51430d055eb5b4bd4fba3900bfaef84f42cb50bde8d7e0c6486fb56ab17932629
84152159741,random,13e51430d055eb5b4bd4fba3900bfaef84f42cb50bde8d7e0c6486fb56ab17932629
84152163739,random,13e51430d055eb5b4bd4fba3900bfaef84f42cb50bde8d7e0c6486fb56ab17932629
84152176872,random,13e51430d055eb5b4bd4fba3900bfaef84f42cb50bde8d7e0c6486fb56ab17932629
84152189280,random,13e51430d055eb5b4bd4fba3900bfaef84f42cb50bde8d7e0c6486fb56ab17932629
84152206483,random,13e51430d055eb5b4bd4fba3900bfaef84f42cb50bde8d7e0c6486fb56ab17932629
84152219813,random,13e51430d055eb5b4bd4fba3900bfaef84f42cb50bde8d7e0c6486fb56ab17932629
84152226402,random,13e51430d055eb5b4bd4fba3900bfaef84f42cb50bde8d7e0c6486fb56ab17932629
84152229948,random,13e51430d055eb5b4bd4fba3900bfaef84f42cb50bde8d7e0c6486fb56ab17932629
84152233216,random,13e51430d055eb5b4bd4fba3900bfaef84f42cb50bde8d7e0c6486fb56ab17932629
84152240845,random,13e51430d055eb5b4bd4fba3900bfaef84f42cb50bde8d7e0c6486fb56ab17932629
84152267732,random,13e51430d055eb5b4bd4fba3900bfaef84f42cb50bde8d7e0c6486fb56ab17932629
84152287210,random,13e51430d055eb5b4bd4fba3900bfaef84f42cb50bde8d7e0c6486fb56ab17932629
84152290019,random,13e51430d055eb5b4bd4fba3900bfaef84f42cb50bde8d7e0c6486fb56ab17932629
84152307880,random,13e51430d055eb5b4bd4fba3900bfaef84f42cb50bde8d7e0c6486fb56ab17932629
84152313791,random,13e51430d055eb5b4bd4fba3900bfaef84f42cb50bde8d7e0c6486fb56ab17932629
84152322497,random,13e51430d055eb5b4bd4fba3900bfaef84f42cb50bde8d7e0c6486fb56ab17932629
84152323555,random,13e51430d055eb5b4bd4fba3900bfaef84f42cb50bde8d7e0c6486fb56ab17932629
84152327414,random,13e51430d055eb5b4bd4fba3900bfaef84f42cb50bde8d7e0c6486fb56ab17932629
84152330730,random,13e51430d055eb5b4bd4fba3900bfaef84f42cb50bde8d7e0c6486fb56ab17932629
84152341138,random,13e51430d055eb5b4bd4fba3900bfaef84f42cb50bde8d7e0c6486fb56ab17932629
84152383126,random,13e51430d055eb5b4bd4fba3900bfaef84f42cb50bde8d7e0c6486fb56ab17932629
84152383368,random,13e51430d055eb5b4bd4fba3900bfaef84f42cb50bde8d7e0c6486fb56ab17932629
84152391471,random,13e51430d055eb5b4bd4fba3900bfaef84f42cb50bde8d7e0c6486fb56ab17932629
84152412556,random,13e51430d055eb5b4bd4fba3900bfaef84f42cb50bde8d7e0c6486fb56ab17932629
84152416498,random,13e51430d055eb5b4bd4fba3900bfaef84f42cb50bde8d7e0c6486fb56ab17932629
84152418673,random,13e51430d055eb5b4bd4fba3900bfaef84f42cb50bde8d7e0c6486fb56ab17932629
84152420181,random,13e51430d055eb5b4bd4fba3900bfaef84f42cb50bde8d7e0c6486fb56ab17932629
84152420445,random,13e51430d055eb5b4bd4fba3900bfaef84f42cb50bde8d7e0c6486fb56ab17932629
84152423101,random,13e51430d055eb5b4bd4fba3900bfaef84f42cb50bde8d7e0c6486fb56ab17932629
84152427121,random,13e51430d055eb5b4bd4fba3900bfaef84f42cb50bde8d7e0c6486fb56ab17932629
84152428115,random,13e51430d055eb5b4bd4fba3900bfaef84f42cb50bde8d7e0c6486fb56ab17932629
84152443924,random,13e51430d055eb5b4bd4fba3900bfaef84f42cb50bde8d7e0c6486fb56ab17932629
84152460752,random,13e51430d055eb5b4bd4fba3900bfaef84f42cb50bde8d7e0c6486fb56ab17932629
84152461672,random,13e51430d055eb5b4bd4fba3900bfaef84f42cb50bde8d7e0c6486fb56ab17932629
84152479189,random,13e51430d055eb5b4bd4fba3900bfaef84f42cb50bde8d7e0c6486fb56ab17932629
84152481248,random,13e51430d055eb5b4bd4fba3900bfaef84f42cb50bde8d7e0c6486fb56ab17932629
84152491066,random,13e51430d055eb5b4bd4fba3900bfaef84f42cb50bde8d7e0c6486fb56ab17932629
84152494868,random,13e51430d055eb5b4bd4fba3900bfaef84f42cb50bde8d7e0c6486fb56ab17932629
84152498089,random,13e51430d055eb5b4bd4fba3900bfaef84f42cb50bde8d7e0c6486fb56ab17932629
84152510630,random,13e51430d055eb5b4bd4fba3900bfaef84f42cb50bde8d7e0c6486fb56ab17932629
84152513626,random,13e51430d055eb5b4bd4fba3900bfaef84f42cb50bde8d7e0c6486fb56ab17932629
84152515471,random,13e51430d055eb5b4bd4fba3900bfaef84f42cb50bde8d7e0c6486fb56ab17932629
84152515656,random,13e51430d055eb5b4bd4fba3900bfaef84f42cb50bde8d7e0c6486fb56ab17932629
84152525611,random,13e51430d055eb5b4bd4fba3900bfaef84f42cb50bde8d7e0c6486fb56ab17932629
84152531475,random,13e51430d055eb5b4bd4fba3900bfaef84f42cb50bde8d7e0c6486fb56ab17932629
84152541607,random,13e51430d055eb5b4bd4fba3900bfaef84f42cb50bde8d7e0c6486fb56ab17932629
84152542182,random,13e51430d055eb5b4bd4fba3900bfaef84f42cb50bde8d7e0c6486fb56ab17932629
84152545647,random,13e51430d055eb5b4bd4fba3900bfaef84f42cb50bde8d7e0c6486fb56ab17932629
84152555495,random,13e51430d055eb5b4bd4fba3900bfaef84f42cb50bde8d7e0c6486fb56ab17932629
84152563270,random,13e51430d055eb5b4bd4fba3900bfaef84f42cb50bde8d7e0c6486fb56ab17932629
84152565281,random,13e51430d055eb5b4bd4fba3900bfaef84f42cb50bde8d7e0c6486fb56ab17932629
84152573654,random,13e51430d055eb5b4bd4fba3900bfaef84f42cb50bde8d7e0c6486fb56ab17932629
84152585141,random,13e51430d055eb5b4bd4fba3900bfaef84f42cb50bde8d7e0c6486fb56ab17932629
84152622643,random,13e51430d055eb5b4bd4fba3900bfaef84f42cb50bde8d7e0c6486fb56ab17932629
84152630779,random,13e51430d055eb5b4bd4fba3900bfaef84f42cb50bde8d7e0c6486fb56ab17932629
84152657617,random,13e51430d055eb5b4bd4fba3900bfaef84f42cb50bde8d7e0c6486fb56ab17932629
84152664441,random,13e51430d055eb5b4bd4fba3900bfaef84f42cb50bde8d7e0c6486fb56ab17932629
84152672625,random,13e51430d055eb5b4bd4fba3900bfaef84f42cb50bde8d7e0c6486fb56ab17932629
84152675806,random,13e51430d055eb5b4bd4fba3900bfaef84f42cb50bde8d7e0c6486fb56ab17932629
84152695254,random,13e51430d055eb5b4bd4fba3900bfaef84f42cb50bde8d7e0c6486fb56ab17932629
84152706485,random,13e51430d055eb5b4bd4fba3900bfaef84f42cb50bde8d7e0c6486fb56ab17932629
84152740407,random,13e51430d055eb5b4bd4fba3900bfaef84f42cb50bde8d7e0c6486fb56ab17932629
84152761167,random,13e51430d055eb5b4bd4fba3900bfaef84f42cb50bde8d7e0c6486fb56ab17932629
84152780176,random,13e51430d055eb5b4bd4fba3900bfaef84f42cb50bde8d7e0c6486fb56ab17932629
84152788699,random,13e51430d055eb5b4bd4fba3900bfaef84f42cb50bde8d7e0c6486fb56ab17932629
84152795680,random,13e51430d055eb5b4bd4fba3900bfaef84f42cb50bde8d7e0c6486fb56ab17932629
84152796347,random,13e51430d055eb5b4bd4fba3900bfaef84f42cb50bde8d7e0c6486fb56ab17932629
84152800488,random,13e51430d055eb5b4bd4fba3900bfaef84f42cb50bde8d7e0c6486fb56ab17932629
84152804104,random,13e51430d055eb5b4bd4fba3900bfaef84f42cb50bde8d7e0c6486fb56ab17932629
84152804284,random,13e51430d055eb5b4bd4fba3900bfaef84f42cb50bde8d7e0c6486fb56ab17932629
84152811587,random,13e51430d055eb5b4bd4fba3900bfaef84f42cb50bde8d7e0c6486fb56ab17932629
84152815843,random,13e51430d055eb5b4bd4fba3900bfaef84f42cb50bde8d7e0c6486fb56ab17932629
84152824707,random,13e51430d055eb5b4bd4fba3900bfaef84f42cb50bde8d7e0c6486fb56ab17932629
84152833962,random,13e51430d055eb5b4bd4fba3900bfaef84f42cb50bde8d7e0c6486fb56ab17932629
84152864467,random,13e51430d055eb5b4bd4fba3900bfaef84f42cb50bde8d7e0c6486fb56ab17932629
84152868926,random,13e51430d055eb5b4bd4fba3900bfaef84f42cb50bde8d7e0c6486fb56ab17932629
84152902752,random,13e51430d055eb5b4bd4fba3900bfaef84f42cb50bde8d7e0c6486fb56ab17932629
84152927903,random,13e51430d055eb5b4bd4fba3900bfaef84f42cb50bde8d7e0c6486fb56ab17932629
84152928178,random,13e51430d055eb5b4bd4fba3900bfaef84f42cb50bde8d7e0c6486fb56ab17932629
84152953685,random,13e51430d055eb5b4bd4fba3900bfaef84f42cb50bde8d7e0c6486fb56ab17932629
84152959980,random,13e51430d055eb5b4bd4fba3900bfaef84f42cb50bde8d7e0c6486fb56ab17932629
84152995978,random,13e51430d055eb5b4bd4fba3900bfaef84f42cb50bde8d7e0c6486fb56ab17932629
84152998714,random,13e51430d055eb5b4bd4fba3900bfaef84f42cb50bde8d7e0c6486fb56ab17932629
84153004557,random,13e51430d055eb5b4bd4fba3900bfaef84f42cb50bde8d7e0c6486fb56ab17932629
84153009246,random,13e51430d055eb5b4bd4fba3900bfaef84f42cb50bde8d7e0c6486fb56ab17932629
84153017227,random,13e51430d055eb5b4bd4fba3900bfaef84f42cb50bde8d7e0c6486fb56ab17932629
84153036112,random,13e51430d055eb5b4bd4fba3900bfaef84f42cb50bde8d7e0c6486fb56ab17932629
84153039183,random,13e51430d055eb5b4bd4fba3900bfaef84f42cb50bde8d7e0c6486fb56ab17932629
84153043459,random,13e51430d055eb5b4bd4fba3900bfaef84f42cb50bde8d7e0c6486fb56ab17932629
84153047516,random,13e51430d055eb5b4bd4fba3900bfaef84f42cb50bde8d7e0c6486fb56ab17932629
84153053850,random,13e51430d055eb5b4bd4fba3900bfaef84f42cb50bde8d7e0c6486fb56ab17932629
84153055656,random,13e51430d055eb5b4bd4fba3900bfaef84f42cb50bde8d7e0c6486fb56ab17932629
84153056628,random,13e51430d055eb5b4bd4fba3900bfaef84f42cb50bde8d7e0c6486fb56ab17932629
84153060566,random,13e51430d055eb5b4bd4fba3900bfaef84f42cb50bde8d7e0c6486fb56ab17932629
84153062871,random,13e51430d055eb5b4bd4fba3900bfaef84f42cb50bde8d7e0c6486fb56ab17932629
84153067765,random,13e51430d055eb5b4bd4fba3900bfaef84f42cb50bde8d7e0c6486fb56ab17932629
84153082365,random,13e51430d055eb5b4bd4fba3900bfaef84f42cb50bde8d7e0c6486fb56ab17932629
84153094997,random,13e51430d055eb5b4bd4fba3900bfaef84f42cb50bde8d7e0c6486fb56ab17932629
84153104151,random,13e51430d055eb5b4bd4fba3900bfaef84f42cb50bde8d7e0c6486fb56ab17932629
84153124912,random,13e51430d055eb5b4bd4fba3900bfaef84f42cb50bde8d7e0c6486fb56ab17932629
84153125636,random,13e51430d055eb5b4bd4fba3900bfaef84f42cb50bde8d7e0c6486fb56ab17932629
84153134308,random,13e51430d055eb5b4bd4fba3900bfaef84f42cb50bde8d7e0c6486fb56ab17932629
84153154764,random,13e51430d055eb5b4bd4fba3900bfaef84f42cb50bde8d7e0c6486fb56ab17932629
84153157612,random,13e51430d055eb5b4bd4fba3900bfaef84f42cb50bde8d7e0c6486fb56ab17932629
84153163439,random,13e51430d055eb5b4bd4fba3900bfaef84f42cb50bde8d7e0c6486fb56ab17932629
84153177991,random,13e51430d055eb5b4bd4fba3900bfaef84f42cb50bde8d7e0c6486fb56ab17932629
84153188324,random,13e51430d055eb5b4bd4fba3900bfaef84f42cb50bde8d7e0c6486fb56ab17932629
84153207962,random,13e51430d055eb5b4bd4fba3900bfaef84f42cb50bde8d7e0c6486fb56ab17932629
84153212456,random,13e51430d055eb5b4bd4fba3900bfaef84f42cb50bde8d7e0c6486fb56ab17932629
84153230327,random,13e51430d055eb5b4bd4fba3900bfaef84f42cb50bde8d7e0c6486fb56ab17932629
84153250351,random,13e51430d055eb5b4bd4fba3900bfaef84f42cb50bde8d7e0c6486fb56ab17932629
84153270079,random,13e51430d055eb5b4bd4fba3900bfaef84f42cb50bde8d7e0c6486fb56ab17932629
84153308554,random,13e51430d055eb5b4bd4fba3900bfaef84f42cb50bde8d7e0c6486fb56ab17932629
84153312713,random,13e51430d055eb5b4bd4fba3900bfaef84f42cb50bde8d7e0c6486fb56ab17932629
84153339790,random,13e51430d055eb5b4bd4fba3900bfaef84f42cb50bde8d7e0c6486fb56ab17932629
84153344362,random,13e51430d055eb5b4bd4fba3900bfaef84f42cb50bde8d7e0c6486fb56ab17932629
84153367814,random,13e51430d055eb5b4bd4fba3900bfaef84f42cb50bde8d7e0c6486fb56ab17932629
84153391038,random,13e51430d055eb5b4bd4fba3900bfaef84f42cb50bde8d7e0c6486fb56ab17932629
84153396425,random,13e51430d055eb5b4bd4fba3900bfaef84f42cb50bde8d7e0c6486fb56ab17932629
84153396762,random,13e51430d055eb5b4bd4fba3900bfaef84f42cb50bde8d7e0c6486fb56ab17932629
84153397410,random,13e51430d055eb5b4bd4fba3900bfaef84f42cb50bde8d7e0c6486fb56ab17932629
84153398795,random,13e51430d055eb5b4bd4fba3900bfaef84f42cb50bde8d7e0c6486fb56ab17932629
84153433466,random,13e51430d055eb5b4bd4fba3900bfaef84f42cb50bde8d7e0c6486fb56ab17932629
84153437167,random,13e51430d055eb5b4bd4fba3900bfaef84f42cb50bde8d7e0c6486fb56ab17932629
84153446684,random,13e51430d055eb5b4bd4fba3900bfaef84f42cb50bde8d7e0c6486fb56ab17932629
84153447398,random,13e51430d055eb5b4bd4fba3900bfaef84f42cb50bde8d7e0c6486fb56ab17932629
84153455715,random,13e51430d055eb5b4bd4fba3900bfaef84f42cb50bde8d7e0c6486fb56ab17932629
84153460411,random,13e51430d055eb5b4bd4fba3900bfaef84f42cb50bde8d7e0c6486fb56ab17932629
84153466506,random,13e51430d055eb5b4bd4fba3900bfaef84f42cb50bde8d7e0c6486fb56ab17932629
84153469373,random,13e51430d055eb5b4bd4fba3900bfaef84f42cb50bde8d7e0c6486fb56ab17932629
84153470283,random,13e51430d055eb5b4bd4fba3900bfaef84f42cb50bde8d7e0c6486fb56ab17932629
84153471715,random,13e51430d055eb5b4bd4fba3900bfaef84f42cb50bde8d7e0c6486fb56ab17932629
84153484707,random,13e51430d055eb5b4bd4fba3900bfaef84f42cb50bde8d7e0c6486fb56ab17932629
84153494530,random,13e51430d055eb5b4bd4fba3900bfaef84f42cb50bde8d7e0c6486fb56ab17932629
84153498637,random,13e51430d055eb5b4bd4fba3900bfaef84f42cb50bde8d7e0c6486fb56ab17932629
84153498938,random,13e51430d055eb5b4bd4fba3900bfaef84f42cb50bde8d7e0c6486fb56ab17932629
84153513448,random,13e51430d055eb5b4bd4fba3900bfaef84f42cb50bde8d7e0c6486fb56ab17932629
84153519940,random,13e51430d055eb5b4bd4fba3900bfaef84f42cb50bde8d7e0c6486fb56ab17932629
84153525626,random,13e51430d055eb5b4bd4fba3900bfaef84f42cb50bde8d7e0c6486fb56ab17932629
84153526191,random,13e51430d055eb5b4bd4fba3900bfaef84f42cb50bde8d7e0c6486fb56ab17932629
84153527134,random,13e51430d055eb5b4bd4fba3900bfaef84f42cb50bde8d7e0c6486fb56ab17932629
84153532157,random,13e51430d055eb5b4bd4fba3900bfaef84f42cb50bde8d7e0c6486fb56ab17932629
84153532630,random,13e51430d055eb5b4bd4fba3900bfaef84f42cb50bde8d7e0c6486fb56ab17932629
84153542469,random,13e51430d055eb5b4bd4fba3900bfaef84f42cb50bde8d7e0c6486fb56ab17932629
84153544061,random,13e51430d055eb5b4bd4fba3900bfaef84f42cb50bde8d7e0c6486fb56ab17932629
84153547367,random,13e51430d055eb5b4bd4fba3900bfaef84f42cb50bde8d7e0c6486fb56ab17932629
84153553595,random,13e51430d055eb5b4bd4fba3900bfaef84f42cb50bde8d7e0c6486fb56ab17932629
84153553957,random,13e51430d055eb5b4bd4fba3900bfaef84f42cb50bde8d7e0c6486fb56ab17932629
84153563942,random,13e51430d055eb5b4bd4fba3900bfaef84f42cb50bde8d7e0c6486fb56ab17932629
84153575105,random,13e51430d055eb5b4bd4fba3900bfaef84f42cb50bde8d7e0c6486fb56ab17932629
84153575178,random,13e51430d055eb5b4bd4fba3900bfaef84f42cb50bde8d7e0c6486fb56ab17932629
84153596676,random,13e51430d055eb5b4bd4fba3900bfaef84f42cb50bde8d7e0c6486fb56ab17932629
84153615766,random,13e51430d055eb5b4bd4fba3900bfaef84f42cb50bde8d7e0c6486fb56ab17932629
84153616387,random,13e51430d055eb5b4bd4fba3900bfaef84f42cb50bde8d7e0c6486fb56ab17932629
84153624330,random,13e51430d055eb5b4bd4fba3900bfaef84f42cb50bde8d7e0c6486fb56ab17932629
84153629667,random,13e51430d055eb5b4bd4fba3900bfaef84f42cb50bde8d7e0c6486fb56ab17932629
84153629779,random,13e51430d055eb5b4bd4fba3900bfaef84f42cb50bde8d7e0c6486fb56ab17932629
84153636792,random,13e51430d055eb5b4bd4fba3900bfaef84f42cb50bde8d7e0c6486fb56ab17932629
84153638363,random,13e51430d055eb5b4bd4fba3900bfaef84f42cb50bde8d7e0c6486fb56ab17932629
84153640803,random,13e51430d055eb5b4bd4fba3900bfaef84f42cb50bde8d7e0c6486fb56ab17932629
84153657481,random,13e51430d055eb5b4bd4fba3900bfaef84f42cb50bde8d7e0c6486fb56ab17932629
84153666735,random,13e51430d055eb5b4bd4fba3900bfaef84f42cb50bde8d7e0c6486fb56ab17932629
84153668276,random,13e51430d055eb5b4bd4fba3900bfaef84f42cb50bde8d7e0c6486fb56ab17932629
84153671438,random,13e51430d055eb5b4bd4fba3900bfaef84f42cb50bde8d7e0c6486fb56ab17932629
84153718963,random,13e51430d055eb5b4bd4fba3900bfaef84f42cb50bde8d7e0c6486fb56ab17932629
84153743647,random,13e51430d055eb5b4bd4fba3900bfaef84f42cb50bde8d7e0c6486fb56ab17932629
84153759266,random,13e51430d055eb5b4bd4fba3900bfaef84f42cb50bde8d7e0c6486fb56ab17932629
84153765182,random,13e51430d055eb5b4bd4fba3900bfaef84f42cb50bde8d7e0c6486fb56ab17932629
84153773160,random,13e51430d055eb5b4bd4fba3900bfaef84f42cb50bde8d7e0c6486fb56ab17932629
84153778169,random,13e51430d055eb5b4bd4fba3900bfaef84f42cb50bde8d7e0c6486fb56ab17932629
84153818391,random,13e51430d055eb5b4bd4fba3900bfaef84f42cb50bde8d7e0c6486fb56ab17932629
84153822368,random,13e51430d055eb5b4bd4fba3900bfaef84f42cb50bde8d7e0c6486fb56ab17932629
84153827085,random,13e51430d055eb5b4bd4fba3900bfaef84f42cb50bde8d7e0c6486fb56ab17932629
84153833763,random,13e51430d055eb5b4bd4fba3900bfaef84f42cb50bde8d7e0c6486fb56ab17932629
84153842929,random,13e51430d055eb5b4bd4fba3900bfaef84f42cb50bde8d7e0c6486fb56ab17932629
84153879054,random,13e51430d055eb5b4bd4fba3900bfaef84f42cb50bde8d7e0c6486fb56ab17932629
84153879700,random,13e51430d055eb5b4bd4fba3900bfaef84f42cb50bde8d7e0c6486fb56ab17932629
84153884974,random,13e51430d055eb5b4bd4fba3900bfaef84f42cb50bde8d7e0c6486fb56ab17932629
84153887596,random,13e51430d055eb5b4bd4fba3900bfaef84f42cb50bde8d7e0c6486fb56ab17932629
84153887984,random,13e51430d055eb5b4bd4fba3900bfaef84f42cb50bde8d7e0c6486fb56ab17932629
84153909067,random,13e51430d055eb5b4bd4fba3900bfaef84f42cb50bde8d7e0c6486fb56ab17932629
84153916035,random,13e51430d055eb5b4bd4fba3900bfaef84f42cb50bde8d7e0c6486fb56ab17932629
84153917192,random,13e51430d055eb5b4bd4fba3900bfaef84f42cb50bde8d7e0c6486fb56ab17932629
84153942588,random,13e51430d055eb5b4bd4fba3900bfaef84f42cb50bde8d7e0c6486fb56ab17932629
84153947335,random,13e51430d055eb5b4bd4fba3900bfaef84f42cb50bde8d7e0c6486fb56ab17932629
84153961561,random,13e51430d055eb5b4bd4fba3900bfaef84f42cb50bde8d7e0c6486fb56ab17932629
84153962687,random,13e51430d055eb5b4bd4fba3900bfaef84f42cb50bde8d7e0c6486fb56ab17932629
84153974708,random,13e51430d055eb5b4bd4fba3900bfaef84f42cb50bde8d7e0c6486fb56ab17932629
84153981006,random,13e51430d055eb5b4bd4fba3900bfaef84f42cb50bde8d7e0c6486fb56ab17932629
84153989124,random,13e51430d055eb5b4bd4fba3900bfaef84f42cb50bde8d7e0c6486fb56ab17932629
84154018266,random,13e51430d055eb5b4bd4fba3900bfaef84f42cb50bde8d7e0c6486fb56ab17932629
84154019704,random,13e51430d055eb5b4bd4fba3900bfaef84f42cb50bde8d7e0c6486fb56ab17932629
84154024086,random,13e51430d055eb5b4bd4fba3900bfaef84f42cb50bde8d7e0c6486fb56ab17932629
84154029349,random,13e51430d055eb5b4bd4fba3900bfaef84f42cb50bde8d7e0c6486fb56ab17932629
84154032432,random,13e51430d055eb5b4bd4fba3900bfaef84f42cb50bde8d7e0c6486fb56ab17932629
84154037436,random,13e51430d055eb5b4bd4fba3900bfaef84f42cb50bde8d7e0c6486fb56ab17932629
84154054254,random,13e51430d055eb5b4bd4fba3900bfaef84f42cb50bde8d7e0c6486fb56ab17932629
84154056076,random,13e51430d055eb5b4bd4fba3900bfaef84f42cb50bde8d7e0c6486fb56ab17932629
84154058231,random,13e51430d055eb5b4bd4fba3900bfaef84f42cb50bde8d7e0c6486fb56ab17932629
84154063201,random,13e51430d055eb5b4bd4fba3900bfaef84f42cb50bde8d7e0c6486fb56ab17932629
84154064889,random,13e51430d055eb5b4bd4fba3900bfaef84f42cb50bde8d7e0c6486fb56ab17932629
84154080152,random,13e51430d055eb5b4bd4fba3900bfaef84f42cb50bde8d7e0c6486fb56ab17932629
84154080566,random,13e51430d055eb5b4bd4fba3900bfaef84f42cb50bde8d7e0c6486fb56ab17932629
84154086926,random,13e51430d055eb5b4bd4fba3900bfaef84f42cb50bde8d7e0c6486fb56ab17932629
84154097666,random,13e51430d055eb5b4bd4fba3900bfaef84f42cb50bde8d7e0c6486fb56ab17932629
84154110454,random,13e51430d055eb5b4bd4fba3900bfaef84f42cb50bde8d7e0c6486fb56ab17932629
84154116826,random,13e51430d055eb5b4bd4fba3900bfaef84f42cb50bde8d7e0c6486fb56ab17932629
84154121035,random,13e51430d055eb5b4bd4fba3900bfaef84f42cb50bde8d7e0c6486fb56ab17932629
84154124006,random,13e51430d055eb5b4bd4fba3900bfaef84f42cb50bde8d7e0c6486fb56ab17932629
84154137813,random,13e51430d055eb5b4bd4fba3900bfaef84f42cb50bde8d7e0c6486fb56ab17932629
84154141549,random,13e51430d055eb5b4bd4fba3900bfaef84f42cb50bde8d7e0c6486fb56ab17932629
84154144306,random,13e51430d055eb5b4bd4fba3900bfaef84f42cb50bde8d7e0c6486fb56ab17932629
84154146957,random,13e51430d055eb5b4bd4fba3900bfaef84f42cb50bde8d7e0c6486fb56ab17932629
84154165936,random,13e51430d055eb5b4bd4fba3900bfaef84f42cb50bde8d7e0c6486fb56ab17932629
84154170491,random,13e51430d055eb5b4bd4fba3900bfaef84f42cb50bde8d7e0c6486fb56ab17932629
84154173608,random,13e51430d055eb5b4bd4fba3900bfaef84f42cb50bde8d7e0c6486fb56ab17932629
84154200553,random,13e51430d055eb5b4bd4fba3900bfaef84f42cb50bde8d7e0c6486fb56ab17932629
84154215727,random,13e51430d055eb5b4bd4fba3900bfaef84f42cb50bde8d7e0c6486fb56ab17932629
84154219669,random,13e51430d055eb5b4bd4fba3900bfaef84f42cb50bde8d7e0c6486fb56ab17932629
84154224067,random,13e51430d055eb5b4bd4fba3900bfaef84f42cb50bde8d7e0c6486fb56ab17932629
84154227743,random,13e51430d055eb5b4bd4fba3900bfaef84f42cb50bde8d7e0c6486fb56ab17932629
84154255037,random,13e51430d055eb5b4bd4fba3900bfaef84f42cb50bde8d7e0c6486fb56ab17932629
84154271326,random,13e51430d055eb5b4bd4fba3900bfaef84f42cb50bde8d7e0c6486fb56ab17932629
84154302103,random,13e51430d055eb5b4bd4fba3900bfaef84f42cb50bde8d7e0c6486fb56ab17932629
84154303815,random,13e51430d055eb5b4bd4fba3900bfaef84f42cb50bde8d7e0c6486fb56ab17932629
84154309756,random,13e51430d055eb5b4bd4fba3900bfaef84f42cb50bde8d7e0c6486fb56ab17932629
84154313399,random,13e51430d055eb5b4bd4fba3900bfaef84f42cb50bde8d7e0c6486fb56ab17932629
84154318199,random,13e51430d055eb5b4bd4fba3900bfaef84f42cb50bde8d7e0c6486fb56ab17932629
84154327882,random,13e51430d055eb5b4bd4fba3900bfaef84f42cb50bde8d7e0c6486fb56ab17932629
84154345980,random,13e51430d055eb5b4bd4fba3900bfaef84f42cb50bde8d7e0c6486fb56ab17932629
84154348748,random,13e51430d055eb5b4bd4fba3900bfaef84f42cb50bde8d7e0c6486fb56ab17932629
84154350396,random,13e51430d055eb5b4bd4fba3900bfaef84f42cb50bde8d7e0c6486fb56ab17932629
84154369494,random,13e51430d055eb5b4bd4fba3900bfaef84f42cb50bde8d7e0c6486fb56ab17932629
84154384663,random,13e51430d055eb5b4bd4fba3900bfaef84f42cb50bde8d7e0c6486fb56ab17932629
84154398252,random,13e51430d055eb5b4bd4fba3900bfaef84f42cb50bde8d7e0c6486fb56ab17932629
84154407414,random,13e51430d055eb5b4bd4fba3900bfaef84f42cb50bde8d7e0c6486fb56ab17932629
84154413793,random,13e51430d055eb5b4bd4fba3900bfaef84f42cb50bde8d7e0c6486fb56ab17932629
84154422708,random,13e51430d055eb5b4bd4fba3900bfaef84f42cb50bde8d7e0c6486fb56ab17932629
84154430783,random,13e51430d055eb5b4bd4fba3900bfaef84f42cb50bde8d7e0c6486fb56ab17932629
84154433646,random,13e51430d055eb5b4bd4fba3900bfaef84f42cb50bde8d7e0c6486fb56ab17932629
84154488340,random,13e51430d055eb5b4bd4fba3900bfaef84f42cb50bde8d7e0c6486fb56ab17932629
84154494099,random,13e51430d055eb5b4bd4fba3900bfaef84f42cb50bde8d7e0c6486fb56ab17932629
84154497709,random,13e51430d055eb5b4bd4fba3900bfaef84f42cb50bde8d7e0c6486fb56ab17932629
84154498472,random,13e51430d055eb5b4bd4fba3900bfaef84f42cb50bde8d7e0c6486fb56ab17932629
84154509521,random,13e51430d055eb5b4bd4fba3900bfaef84f42cb50bde8d7e0c6486fb56ab17932629
84154516112,random,13e51430d055eb5b4bd4fba3900bfaef84f42cb50bde8d7e0c6486fb56ab17932629
84154569379,random,13e51430d055eb5b4bd4fba3900bfaef84f42cb50bde8d7e0c6486fb56ab17932629
84154573818,random,13e51430d055eb5b4bd4fba3900bfaef84f42cb50bde8d7e0c6486fb56ab17932629
84154602204,random,13e51430d055eb5b4bd4fba3900bfaef84f42cb50bde8d7e0c6486fb56ab17932629
84154617677,random,13e51430d055eb5b4bd4fba3900bfaef84f42cb50bde8d7e0c6486fb56ab17932629
84154635933,random,13e51430d055eb5b4bd4fba3900bfaef84f42cb50bde8d7e0c6486fb56ab17932629
84154640850,random,13e51430d055eb5b4bd4fba3900bfaef84f42cb50bde8d7e0c6486fb56ab17932629
84154645952,random,13e51430d055eb5b4bd4fba3900bfaef84f42cb50bde8d7e0c6486fb56ab17932629
84154665484,random,13e51430d055eb5b4bd4fba3900bfaef84f42cb50bde8d7e0c6486fb56ab17932629
84154687805,random,13e51430d055eb5b4bd4fba3900bfaef84f42cb50bde8d7e0c6486fb56ab17932629
84154687955,random,13e51430d055eb5b4bd4fba3900bfaef84f42cb50bde8d7e0c6486fb56ab17932629
84154711219,random,13e51430d055eb5b4bd4fba3900bfaef84f42cb50bde8d7e0c6486fb56ab17932629
84154719503,random,13e51430d055eb5b4bd4fba3900bfaef84f42cb50bde8d7e0c6486fb56ab17932629
84154731360,random,13e51430d055eb5b4bd4fba3900bfaef84f42cb50bde8d7e0c6486fb56ab17932629
84154732253,random,13e51430d055eb5b4bd4fba3900bfaef84f42cb50bde8d7e0c6486fb56ab17932629
84154734877,random,13e51430d055eb5b4bd4fba3900bfaef84f42cb50bde8d7e0c6486fb56ab17932629
84154741544,random,13e51430d055eb5b4bd4fba3900bfaef84f42cb50bde8d7e0c6486fb56ab17932629
84154784641,random,13e51430d055eb5b4bd4fba3900bfaef84f42cb50bde8d7e0c6486fb56ab17932629
84154790460,random,13e51430d055eb5b4bd4fba3900bfaef84f42cb50bde8d7e0c6486fb56ab17932629
84154795852,random,13e51430d055eb5b4bd4fba3900bfaef84f42cb50bde8d7e0c6486fb56ab17932629
84154803514,random,13e51430d055eb5b4bd4fba3900bfaef84f42cb50bde8d7e0c6486fb56ab17932629
84154809209,random,13e51430d055eb5b4bd4fba3900bfaef84f42cb50bde8d7e0c6486fb56ab17932629
84154827158,random,13e51430d055eb5b4bd4fba3900bfaef84f42cb50bde8d7e0c6486fb56ab17932629
84154830766,random,13e51430d055eb5b4bd4fba3900bfaef84f42cb50bde8d7e0c6486fb56ab17932629
84154857329,random,13e51430d055eb5b4bd4fba3900bfaef84f42cb50bde8d7e0c6486fb56ab17932629
84154862286,random,13e51430d055eb5b4bd4fba3900bfaef84f42cb50bde8d7e0c6486fb56ab17932629
84154883873,random,13e51430d055eb5b4bd4fba3900bfaef84f42cb50bde8d7e0c6486fb56ab17932629
84154889035,random,13e51430d055eb5b4bd4fba3900bfaef84f42cb50bde8d7e0c6486fb56ab17932629
84154893512,random,13e51430d055eb5b4bd4fba3900bfaef84f42cb50bde8d7e0c6486fb56ab17932629
84154901386,random,13e51430d055eb5b4bd4fba3900bfaef84f42cb50bde8d7e0c6486fb56ab17932629
84154911790,random,13e51430d055eb5b4bd4fba3900bfaef84f42cb50bde8d7e0c6486fb56ab17932629
84154943157,random,13e51430d055eb5b4bd4fba3900bfaef84f42cb50bde8d7e0c6486fb56ab17932629
84154945898,random,13e51430d055eb5b4bd4fba3900bfaef84f42cb50bde8d7e0c6486fb56ab17932629
84154961156,random,13e51430d055eb5b4bd4fba3900bfaef84f42cb50bde8d7e0c6486fb56ab17932629
84154978296,random,13e51430d055eb5b4bd4fba3900bfaef84f42cb50bde8d7e0c6486fb56ab17932629
84154985302,random,13e51430d055eb5b4bd4fba3900bfaef84f42cb50bde8d7e0c6486fb56ab17932629
84154986072,random,13e51430d055eb5b4bd4fba3900bfaef84f42cb50bde8d7e0c6486fb56ab17932629
84154988852,random,13e51430d055eb5b4bd4fba3900bfaef84f42cb50bde8d7e0c6486fb56ab17932629
84154994461,random,13e51430d055eb5b4bd4fba3900bfaef84f42cb50bde8d7e0c6486fb56ab17932629
84154998491,random,13e51430d055eb5b4bd4fba3900bfaef84f42cb50bde8d7e0c6486fb56ab17932629
84155014746,random,13e51430d055eb5b4bd4fba3900bfaef84f42cb50bde8d7e0c6486fb56ab17932629
84155041284,random,13e51430d055eb5b4bd4fba3900bfaef84f42cb50bde8d7e0c6486fb56ab17932629
84155048466,random,13e51430d055eb5b4bd4fba3900bfaef84f42cb50bde8d7e0c6486fb56ab17932629
84155049159,random,13e51430d055eb5b4bd4fba3900bfaef84f42cb50bde8d7e0c6486fb56ab17932629
84155051322,random,13e51430d055eb5b4bd4fba3900bfaef84f42cb50bde8d7e0c6486fb56ab17932629
84155052812,random,13e51430d055eb5b4bd4fba3900bfaef84f42cb50bde8d7e0c6486fb56ab17932629
84155058397,random,13e51430d055eb5b4bd4fba3900bfaef84f42cb50bde8d7e0c6486fb56ab17932629
84155060973,random,13e51430d055eb5b4bd4fba3900bfaef84f42cb50bde8d7e0c6486fb56ab17932629
84155085552,random,13e51430d055eb5b4bd4fba3900bfaef84f42cb50bde8d7e0c6486fb56ab17932629
84155095882,random,13e51430d055eb5b4bd4fba3900bfaef84f42cb50bde8d7e0c6486fb56ab17932629
84155113366,random,13e51430d055eb5b4bd4fba3900bfaef84f42cb50bde8d7e0c6486fb56ab17932629
84155123365,random,13e51430d055eb5b4bd4fba3900bfaef84f42cb50bde8d7e0c6486fb56ab17932629
84155128845,random,13e51430d055eb5b4bd4fba3900bfaef84f42cb50bde8d7e0c6486fb56ab17932629
84155131222,random,13e51430d055eb5b4bd4fba3900bfaef84f42cb50bde8d7e0c6486fb56ab17932629
84155131718,random,13e51430d055eb5b4bd4fba3900bfaef84f42cb50bde8d7e0c6486fb56ab17932629
84155137499,random,13e51430d055eb5b4bd4fba3900bfaef84f42cb50bde8d7e0c6486fb56ab17932629
84155142055,random,13e51430d055eb5b4bd4fba3900bfaef84f42cb50bde8d7e0c6486fb56ab17932629
84155190131,random,13e51430d055eb5b4bd4fba3900bfaef84f42cb50bde8d7e0c6486fb56ab17932629
84155218562,random,13e51430d055eb5b4bd4fba3900bfaef84f42cb50bde8d7e0c6486fb56ab17932629
84155227423,random,13e51430d055eb5b4bd4fba3900bfaef84f42cb50bde8d7e0c6486fb56ab17932629
84155233011,random,13e51430d055eb5b4bd4fba3900bfaef84f42cb50bde8d7e0c6486fb56ab17932629
84155251139,random,13e51430d055eb5b4bd4fba3900bfaef84f42cb50bde8d7e0c6486fb56ab17932629
84155263746,random,13e51430d055eb5b4bd4fba3900bfaef84f42cb50bde8d7e0c6486fb56ab17932629
84155272813,random,13e51430d055eb5b4bd4fba3900bfaef84f42cb50bde8d7e0c6486fb56ab17932629
84155281659,random,13e51430d055eb5b4bd4fba3900bfaef84f42cb50bde8d7e0c6486fb56ab17932629
84155311039,random,13e51430d055eb5b4bd4fba3900bfaef84f42cb50bde8d7e0c6486fb56ab17932629
84155320341,random,13e51430d055eb5b4bd4fba3900bfaef84f42cb50bde8d7e0c6486fb56ab17932629
84155344918,random,13e51430d055eb5b4bd4fba3900bfaef84f42cb50bde8d7e0c6486fb56ab17932629
84155355204,random,13e51430d055eb5b4bd4fba3900bfaef84f42cb50bde8d7e0c6486fb56ab17932629
84155359220,random,13e51430d055eb5b4bd4fba3900bfaef84f42cb50bde8d7e0c6486fb56ab17932629
84155367315,random,13e51430d055eb5b4bd4fba3900bfaef84f42cb50bde8d7e0c6486fb56ab17932629
84155378400,random,13e51430d055eb5b4bd4fba3900bfaef84f42cb50bde8d7e0c6486fb56ab17932629
84155378984,random,13e51430d055eb5b4bd4fba3900bfaef84f42cb50bde8d7e0c6486fb56ab17932629
84155383483,random,13e51430d055eb5b4bd4fba3900bfaef84f42cb50bde8d7e0c6486fb56ab17932629
84155427083,random,13e51430d055eb5b4bd4fba3900bfaef84f42cb50bde8d7e0c6486fb56ab17932629
84155433089,random,13e51430d055eb5b4bd4fba3900bfaef84f42cb50bde8d7e0c6486fb56ab17932629
84155437530,random,13e51430d055eb5b4bd4fba3900bfaef84f42cb50bde8d7e0c6486fb56ab17932629
84155446120,random,13e51430d055eb5b4bd4fba3900bfaef84f42cb50bde8d7e0c6486fb56ab17932629
84155449069,random,13e51430d055eb5b4bd4fba3900bfaef84f42cb50bde8d7e0c6486fb56ab17932629
84155453151,random,13e51430d055eb5b4bd4fba3900bfaef84f42cb50bde8d7e0c6486fb56ab17932629
84155469463,random,13e51430d055eb5b4bd4fba3900bfaef84f42cb50bde8d7e0c6486fb56ab17932629
84155480298,random,13e51430d055eb5b4bd4fba3900bfaef84f42cb50bde8d7e0c6486fb56ab17932629
84155485500,random,13e51430d055eb5b4bd4fba3900bfaef84f42cb50bde8d7e0c6486fb56ab17932629
84155491638,random,13e51430d055eb5b4bd4fba3900bfaef84f42cb50bde8d7e0c6486fb56ab17932629
84155494476,random,13e51430d055eb5b4bd4fba3900bfaef84f42cb50bde8d7e0c6486fb56ab17932629
84155497159,random,13e51430d055eb5b4bd4fba3900bfaef84f42cb50bde8d7e0c6486fb56ab17932629
84155512187,random,13e51430d055eb5b4bd4fba3900bfaef84f42cb50bde8d7e0c6486fb56ab17932629
84155512318,random,13e51430d055eb5b4bd4fba3900bfaef84f42cb50bde8d7e0c6486fb56ab17932629
84155518554,random,13e51430d055eb5b4bd4fba3900bfaef84f42cb50bde8d7e0c6486fb56ab17932629
84155522104,random,13e51430d055eb5b4bd4fba3900bfaef84f42cb50bde8d7e0c6486fb56ab17932629
84155522841,random,13e51430d055eb5b4bd4fba3900bfaef84f42cb50bde8d7e0c6486fb56ab17932629
84155576304,random,13e51430d055eb5b4bd4fba3900bfaef84f42cb50bde8d7e0c6486fb56ab17932629
84155576837,random,13e51430d055eb5b4bd4fba3900bfaef84f42cb50bde8d7e0c6486fb56ab17932629
84155586984,random,13e51430d055eb5b4bd4fba3900bfaef84f42cb50bde8d7e0c6486fb56ab17932629
84155591157,random,13e51430d055eb5b4bd4fba3900bfaef84f42cb50bde8d7e0c6486fb56ab17932629
84155601553,random,13e51430d055eb5b4bd4fba3900bfaef84f42cb50bde8d7e0c6486fb56ab17932629
84155611623,random,13e51430d055eb5b4bd4fba3900bfaef84f42cb50bde8d7e0c6486fb56ab17932629
84155629023,random,13e51430d055eb5b4bd4fba3900bfaef84f42cb50bde8d7e0c6486fb56ab17932629
84155643978,random,13e51430d055eb5b4bd4fba3900bfaef84f42cb50bde8d7e0c6486fb56ab17932629
84155668956,random,13e51430d055eb5b4bd4fba3900bfaef84f42cb50bde8d7e0c6486fb56ab17932629
84155679554,random,13e51430d055eb5b4bd4fba3900bfaef84f42cb50bde8d7e0c6486fb56ab17932629
84155685569,random,13e51430d055eb5b4bd4fba3900bfaef84f42cb50bde8d7e0c6486fb56ab17932629
84155721567,random,13e51430d055eb5b4bd4fba3900bfaef84f42cb50bde8d7e0c6486fb56ab17932629
84155722572,random,13e51430d055eb5b4bd4fba3900bfaef84f42cb50bde8d7e0c6486fb56ab17932629
84155728723,random,13e51430d055eb5b4bd4fba3900bfaef84f42cb50bde8d7e0c6486fb56ab17932629
84155744149,random,13e51430d055eb5b4bd4fba3900bfaef84f42cb50bde8d7e0c6486fb56ab17932629
84155755198,random,13e51430d055eb5b4bd4fba3900bfaef84f42cb50bde8d7e0c6486fb56ab17932629
84155762556,random,13e51430d055eb5b4bd4fba3900bfaef84f42cb50bde8d7e0c6486fb56ab17932629
84155794660,random,13e51430d055eb5b4bd4fba3900bfaef84f42cb50bde8d7e0c6486fb56ab17932629
84155795980,random,13e51430d055eb5b4bd4fba3900bfaef84f42cb50bde8d7e0c6486fb56ab17932629
84155799015,random,13e51430d055eb5b4bd4fba3900bfaef84f42cb50bde8d7e0c6486fb56ab17932629
84155812991,random,13e51430d055eb5b4bd4fba3900bfaef84f42cb50bde8d7e0c6486fb56ab17932629
84155820496,random,13e51430d055eb5b4bd4fba3900bfaef84f42cb50bde8d7e0c6486fb56ab17932629
84155824504,random,13e51430d055eb5b4bd4fba3900bfaef84f42cb50bde8d7e0c6486fb56ab17932629
84155828853,random,13e51430d055eb5b4bd4fba3900bfaef84f42cb50bde8d7e0c6486fb56ab17932629
84155854198,random,13e51430d055eb5b4bd4fba3900bfaef84f42cb50bde8d7e0c6486fb56ab17932629
84155858673,random,13e51430d055eb5b4bd4fba3900bfaef84f42cb50bde8d7e0c6486fb56ab17932629
84155867212,random,13e51430d055eb5b4bd4fba3900bfaef84f42cb50bde8d7e0c6486fb56ab17932629
84155872072,random,13e51430d055eb5b4bd4fba3900bfaef84f42cb50bde8d7e0c6486fb56ab17932629
84155885164,random,13e51430d055eb5b4bd4fba3900bfaef84f42cb50bde8d7e0c6486fb56ab17932629
84155903015,random,13e51430d055eb5b4bd4fba3900bfaef84f42cb50bde8d7e0c6486fb56ab17932629
84155912095,random,13e51430d055eb5b4bd4fba3900bfaef84f42cb50bde8d7e0c6486fb56ab17932629
84155914443,random,13e51430d055eb5b4bd4fba3900bfaef84f42cb50bde8d7e0c6486fb56ab17932629
84155917754,random,13e51430d055eb5b4bd4fba3900bfaef84f42cb50bde8d7e0c6486fb56ab17932629
84155934193,random,13e51430d055eb5b4bd4fba3900bfaef84f42cb50bde8d7e0c6486fb56ab17932629
84155936744,random,13e51430d055eb5b4bd4fba3900bfaef84f42cb50bde8d7e0c6486fb56ab17932629
84155940953,random,13e51430d055eb5b4bd4fba3900bfaef84f42cb50bde8d7e0c6486fb56ab17932629
84155952647,random,13e51430d055eb5b4bd4fba3900bfaef84f42cb50bde8d7e0c6486fb56ab17932629
84155985857,random,13e51430d055eb5b4bd4fba3900bfaef84f42cb50bde8d7e0c6486fb56ab17932629
84155987909,random,13e51430d055eb5b4bd4fba3900bfaef84f42cb50bde8d7e0c6486fb56ab17932629
84155995204,random,13e51430d055eb5b4bd4fba3900bfaef84f42cb50bde8d7e0c6486fb56ab17932629
84155999572,random,13e51430d055eb5b4bd4fba3900bfaef84f42cb50bde8d7e0c6486fb56ab17932629
84156003186,random,13e51430d055eb5b4bd4fba3900bfaef84f42cb50bde8d7e0c6486fb56ab17932629
84156017990,random,13e51430d055eb5b4bd4fba3900bfaef84f42cb50bde8d7e0c6486fb56ab17932629
84156035204,random,13e51430d055eb5b4bd4fba3900bfaef84f42cb50bde8d7e0c6486fb56ab17932629
84156040330,random,13e51430d055eb5b4bd4fba3900bfaef84f42cb50bde8d7e0c6486fb56ab17932629
84156047131,random,13e51430d055eb5b4bd4fba3900bfaef84f42cb50bde8d7e0c6486fb56ab17932629
84156050108,random,13e51430d055eb5b4bd4fba3900bfaef84f42cb50bde8d7e0c6486fb56ab17932629
84156062524,random,13e51430d055eb5b4bd4fba3900bfaef84f42cb50bde8d7e0c6486fb56ab17932629
84156071923,random,13e51430d055eb5b4bd4fba3900bfaef84f42cb50bde8d7e0c6486fb56ab17932629
84156080297,random,13e51430d055eb5b4bd4fba3900bfaef84f42cb50bde8d7e0c6486fb56ab17932629
84156092280,random,13e51430d055eb5b4bd4fba3900bfaef84f42cb50bde8d7e0c6486fb56ab17932629
84156095206,random,13e51430d055eb5b4bd4fba3900bfaef84f42cb50bde8d7e0c6486fb56ab17932629
84156102151,random,13e51430d055eb5b4bd4fba3900bfaef84f42cb50bde8d7e0c6486fb56ab17932629
84156111347,random,13e51430d055eb5b4bd4fba3900bfaef84f42cb50bde8d7e0c6486fb56ab17932629
84156124165,random,13e51430d055eb5b4bd4fba3900bfaef84f42cb50bde8d7e0c6486fb56ab17932629
84156134624,random,13e51430d055eb5b4bd4fba3900bfaef84f42cb50bde8d7e0c6486fb56ab17932629
84156140813,random,13e51430d055eb5b4bd4fba3900bfaef84f42cb50bde8d7e0c6486fb56ab17932629
84156157672,random,13e51430d055eb5b4bd4fba3900bfaef84f42cb50bde8d7e0c6486fb56ab17932629
84156179442,random,13e51430d055eb5b4bd4fba3900bfaef84f42cb50bde8d7e0c6486fb56ab17932629
84156182812,random,13e51430d055eb5b4bd4fba3900bfaef84f42cb50bde8d7e0c6486fb56ab17932629
84156190433,random,13e51430d055eb5b4bd4fba3900bfaef84f42cb50bde8d7e0c6486fb56ab17932629
84156192565,random,13e51430d055eb5b4bd4fba3900bfaef84f42cb50bde8d7e0c6486fb56ab17932629
84156198461,random,13e51430d055eb5b4bd4fba3900bfaef84f42cb50bde8d7e0c6486fb56ab17932629
84156201964,random,13e51430d055eb5b4bd4fba3900bfaef84f42cb50bde8d7e0c6486fb56ab17932629
84156206177,random,13e51430d055eb5b4bd4fba3900bfaef84f42cb50bde8d7e0c6486fb56ab17932629
84156207033,random,13e51430d055eb5b4bd4fba3900bfaef84f42cb50bde8d7e0c6486fb56ab17932629
84156217131,random,13e51430d055eb5b4bd4fba3900bfaef84f42cb50bde8d7e0c6486fb56ab17932629
84156217426,random,13e51430d055eb5b4bd4fba3900bfaef84f42cb50bde8d7e0c6486fb56ab17932629
84156218293,random,13e51430d055eb5b4bd4fba3900bfaef84f42cb50bde8d7e0c6486fb56ab17932629
84156241151,random,13e51430d055eb5b4bd4fba3900bfaef84f42cb50bde8d7e0c6486fb56ab17932629
84156246172,random,13e51430d055eb5b4bd4fba3900bfaef84f42cb50bde8d7e0c6486fb56ab17932629
84156247428,random,13e51430d055eb5b4bd4fba3900bfaef84f42cb50bde8d7e0c6486fb56ab17932629
84156261282,random,13e51430d055eb5b4bd4fba3900bfaef84f42cb50bde8d7e0c6486fb56ab17932629
84156261474,random,13e51430d055eb5b4bd4fba3900bfaef84f42cb50bde8d7e0c6486fb56ab17932629
84156269156,random,13e51430d055eb5b4bd4fba3900bfaef84f42cb50bde8d7e0c6486fb56ab17932629
84156270951,random,13e51430d055eb5b4bd4fba3900bfaef84f42cb50bde8d7e0c6486fb56ab17932629
84156275179,random,13e51430d055eb5b4bd4fba3900bfaef84f42cb50bde8d7e0c6486fb56ab17932629
84156285984,random,13e51430d055eb5b4bd4fba3900bfaef84f42cb50bde8d7e0c6486fb56ab17932629
84156294424,random,13e51430d055eb5b4bd4fba3900bfaef84f42cb50bde8d7e0c6486fb56ab17932629
84156306313,random,13e51430d055eb5b4bd4fba3900bfaef84f42cb50bde8d7e0c6486fb56ab17932629
84156311835,random,13e51430d055eb5b4bd4fba3900bfaef84f42cb50bde8d7e0c6486fb56ab17932629
84156312625,random,13e51430d055eb5b4bd4fba3900bfaef84f42cb50bde8d7e0c6486fb56ab17932629
84156331755,random,13e51430d055eb5b4bd4fba3900bfaef84f42cb50bde8d7e0c6486fb56ab17932629
84156341212,random,13e51430d055eb5b4bd4fba3900bfaef84f42cb50bde8d7e0c6486fb56ab17932629
84156396783,random,13e51430d055eb5b4bd4fba3900bfaef84f42cb50bde8d7e0c6486fb56ab17932629
84156403997,random,13e51430d055eb5b4bd4fba3900bfaef84f42cb50bde8d7e0c6486fb56ab17932629
84156410002,random,13e51430d055eb5b4bd4fba3900bfaef84f42cb50bde8d7e0c6486fb56ab17932629
84156418832,random,13e51430d055eb5b4bd4fba3900bfaef84f42cb50bde8d7e0c6486fb56ab17932629
84156427643,random,13e51430d055eb5b4bd4fba3900bfaef84f42cb50bde8d7e0c6486fb56ab17932629
84156434611,random,13e51430d055eb5b4bd4fba3900bfaef84f42cb50bde8d7e0c6486fb56ab17932629
84156440302,random,13e51430d055eb5b4bd4fba3900bfaef84f42cb50bde8d7e0c6486fb56ab17932629
84156454577,random,13e51430d055eb5b4bd4fba3900bfaef84f42cb50bde8d7e0c6486fb56ab17932629
84156491764,random,13e51430d055eb5b4bd4fba3900bfaef84f42cb50bde8d7e0c6486fb56ab17932629
84156514563,random,13e51430d055eb5b4bd4fba3900bfaef84f42cb50bde8d7e0c6486fb56ab17932629
84156517300,random,13e51430d055eb5b4bd4fba3900bfaef84f42cb50bde8d7e0c6486fb56ab17932629
84156531570,random,13e51430d055eb5b4bd4fba3900bfaef84f42cb50bde8d7e0c6486fb56ab17932629
84156531615,random,13e51430d055eb5b4bd4fba3900bfaef84f42cb50bde8d7e0c6486fb56ab17932629
84156537172,random,13e51430d055eb5b4bd4fba3900bfaef84f42cb50bde8d7e0c6486fb56ab17932629
84156544929,random,13e51430d055eb5b4bd4fba3900bfaef84f42cb50bde8d7e0c6486fb56ab17932629
84156556592,random,13e51430d055eb5b4bd4fba3900bfaef84f42cb50bde8d7e0c6486fb56ab17932629
84156557044,random,13e51430d055eb5b4bd4fba3900bfaef84f42cb50bde8d7e0c6486fb56ab17932629
84156558559,random,13e51430d055eb5b4bd4fba3900bfaef84f42cb50bde8d7e0c6486fb56ab17932629
84156582722,random,13e51430d055eb5b4bd4fba3900bfaef84f42cb50bde8d7e0c6486fb56ab17932629
84156595496,random,13e51430d055eb5b4bd4fba3900bfaef84f42cb50bde8d7e0c6486fb56ab17932629
84156634788,random,13e51430d055eb5b4bd4fba3900bfaef84f42cb50bde8d7e0c6486fb56ab17932629
84156650549,random,13e51430d055eb5b4bd4fba3900bfaef84f42cb50bde8d7e0c6486fb56ab17932629
84156655174,random,13e51430d055eb5b4bd4fba3900bfaef84f42cb50bde8d7e0c6486fb56ab17932629
84156656844,random,13e51430d055eb5b4bd4fba3900bfaef84f42cb50bde8d7e0c6486fb56ab17932629
84156658223,random,13e51430d055eb5b4bd4fba3900bfaef84f42cb50bde8d7e0c6486fb56ab17932629
84156682855,random,13e51430d055eb5b4bd4fba3900bfaef84f42cb50bde8d7e0c6486fb56ab17932629
84156691128,random,13e51430d055eb5b4bd4fba3900bfaef84f42cb50bde8d7e0c6486fb56ab17932629
84156697409,random,13e51430d055eb5b4bd4fba3900bfaef84f42cb50bde8d7e0c6486fb56ab17932629
84156697466,random,13e51430d055eb5b4bd4fba3900bfaef84f42cb50bde8d7e0c6486fb56ab17932629
84156703268,random,13e51430d055eb5b4bd4fba3900bfaef84f42cb50bde8d7e0c6486fb56ab17932629
84156705825,random,13e51430d055eb5b4bd4fba3900bfaef84f42cb50bde8d7e0c6486fb56ab17932629
84156717193,random,13e51430d055eb5b4bd4fba3900bfaef84f42cb50bde8d7e0c6486fb56ab17932629
84156730732,random,13e51430d055eb5b4bd4fba3900bfaef84f42cb50bde8d7e0c6486fb56ab17932629
84156761076,random,13e51430d055eb5b4bd4fba3900bfaef84f42cb50bde8d7e0c6486fb56ab17932629
84156768497,random,13e51430d055eb5b4bd4fba3900bfaef84f42cb50bde8d7e0c6486fb56ab17932629
84156769614,random,13e51430d055eb5b4bd4fba3900bfaef84f42cb50bde8d7e0c6486fb56ab17932629
84156827657,random,13e51430d055eb5b4bd4fba3900bfaef84f42cb50bde8d7e0c6486fb56ab17932629
84156847330,random,13e51430d055eb5b4bd4fba3900bfaef84f42cb50bde8d7e0c6486fb56ab17932629
84156848386,random,13e51430d055eb5b4bd4fba3900bfaef84f42cb50bde8d7e0c6486fb56ab17932629
84156867066,random,13e51430d055eb5b4bd4fba3900bfaef84f42cb50bde8d7e0c6486fb56ab17932629
84156871507,random,13e51430d055eb5b4bd4fba3900bfaef84f42cb50bde8d7e0c6486fb56ab17932629
84156884865,random,13e51430d055eb5b4bd4fba3900bfaef84f42cb50bde8d7e0c6486fb56ab17932629
84156893415,random,13e51430d055eb5b4bd4fba3900bfaef84f42cb50bde8d7e0c6486fb56ab17932629
84156897267,random,13e51430d055eb5b4bd4fba3900bfaef84f42cb50bde8d7e0c6486fb56ab17932629
84156908685,random,13e51430d055eb5b4bd4fba3900bfaef84f42cb50bde8d7e0c6486fb56ab17932629
84156920199,random,13e51430d055eb5b4bd4fba3900bfaef84f42cb50bde8d7e0c6486fb56ab17932629
84156926706,random,13e51430d055eb5b4bd4fba3900bfaef84f42cb50bde8d7e0c6486fb56ab17932629
84156933553,random,13e51430d055eb5b4bd4fba3900bfaef84f42cb50bde8d7e0c6486fb56ab17932629
84156938138,random,13e51430d055eb5b4bd4fba3900bfaef84f42cb50bde8d7e0c6486fb56ab17932629
84156940317,random,13e51430d055eb5b4bd4fba3900bfaef84f42cb50bde8d7e0c6486fb56ab17932629
84156946614,random,13e51430d055eb5b4bd4fba3900bfaef84f42cb50bde8d7e0c6486fb56ab17932629
84156951917,random,13e51430d055eb5b4bd4fba3900bfaef84f42cb50bde8d7e0c6486fb56ab17932629
84156966770,random,13e51430d055eb5b4bd4fba3900bfaef84f42cb50bde8d7e0c6486fb56ab17932629
84156989508,random,13e51430d055eb5b4bd4fba3900bfaef84f42cb50bde8d7e0c6486fb56ab17932629
84157025078,random,13e51430d055eb5b4bd4fba3900bfaef84f42cb50bde8d7e0c6486fb56ab17932629
84157049490,random,13e51430d055eb5b4bd4fba3900bfaef84f42cb50bde8d7e0c6486fb56ab17932629
84157055521,random,13e51430d055eb5b4bd4fba3900bfaef84f42cb50bde8d7e0c6486fb56ab17932629
84157061304,random,13e51430d055eb5b4bd4fba3900bfaef84f42cb50bde8d7e0c6486fb56ab17932629
84157066868,random,13e51430d055eb5b4bd4fba3900bfaef84f42cb50bde8d7e0c6486fb56ab17932629
84157085992,random,13e51430d055eb5b4bd4fba3900bfaef84f42cb50bde8d7e0c6486fb56ab17932629
84157114290,random,13e51430d055eb5b4bd4fba3900bfaef84f42cb50bde8d7e0c6486fb56ab17932629
84157116563,random,13e51430d055eb5b4bd4fba3900bfaef84f42cb50bde8d7e0c6486fb56ab17932629
84157122665,random,13e51430d055eb5b4bd4fba3900bfaef84f42cb50bde8d7e0c6486fb56ab17932629
84157127958,random,13e51430d055eb5b4bd4fba3900bfaef84f42cb50bde8d7e0c6486fb56ab17932629
84157142677,random,13e51430d055eb5b4bd4fba3900bfaef84f42cb50bde8d7e0c6486fb56ab17932629
84157174344,random,13e51430d055eb5b4bd4fba3900bfaef84f42cb50bde8d7e0c6486fb56ab17932629
84157174585,random,13e51430d055eb5b4bd4fba3900bfaef84f42cb50bde8d7e0c6486fb56ab17932629
84157175157,random,13e51430d055eb5b4bd4fba3900bfaef84f42cb50bde8d7e0c6486fb56ab17932629
84157176789,random,13e51430d055eb5b4bd4fba3900bfaef84f42cb50bde8d7e0c6486fb56ab17932629
84157180095,random,13e51430d055eb5b4bd4fba3900bfaef84f42cb50bde8d7e0c6486fb56ab17932629
84157190638,random,13e51430d055eb5b4bd4fba3900bfaef84f42cb50bde8d7e0c6486fb56ab17932629
84157196482,random,13e51430d055eb5b4bd4fba3900bfaef84f42cb50bde8d7e0c6486fb56ab17932629
84157200948,random,13e51430d055eb5b4bd4fba3900bfaef84f42cb50bde8d7e0c6486fb56ab17932629
84157214518,random,13e51430d055eb5b4bd4fba3900bfaef84f42cb50bde8d7e0c6486fb56ab17932629
84157233304,random,13e51430d055eb5b4bd4fba3900bfaef84f42cb50bde8d7e0c6486fb56ab17932629
84157243083,random,13e51430d055eb5b4bd4fba3900bfaef84f42cb50bde8d7e0c6486fb56ab17932629
84157246263,random,13e51430d055eb5b4bd4fba3900bfaef84f42cb50bde8d7e0c6486fb56ab17932629
84157250738,random,13e51430d055eb5b4bd4fba3900bfaef84f42cb50bde8d7e0c6486fb56ab17932629
84157253621,random,13e51430d055eb5b4bd4fba3900bfaef84f42cb50bde8d7e0c6486fb56ab17932629
84157258230,random,13e51430d055eb5b4bd4fba3900bfaef84f42cb50bde8d7e0c6486fb56ab17932629
84157261325,random,13e51430d055eb5b4bd4fba3900bfaef84f42cb50bde8d7e0c6486fb56ab17932629
84157262400,random,13e51430d055eb5b4bd4fba3900bfaef84f42cb50bde8d7e0c6486fb56ab17932629
84157278488,random,13e51430d055eb5b4bd4fba3900bfaef84f42cb50bde8d7e0c6486fb56ab17932629
84157289815,random,13e51430d055eb5b4bd4fba3900bfaef84f42cb50bde8d7e0c6486fb56ab17932629
84157290527,random,13e51430d055eb5b4bd4fba3900bfaef84f42cb50bde8d7e0c6486fb56ab17932629
84157300642,random,13e51430d055eb5b4bd4fba3900bfaef84f42cb50bde8d7e0c6486fb56ab17932629
84157320490,random,13e51430d055eb5b4bd4fba3900bfaef84f42cb50bde8d7e0c6486fb56ab17932629
84157322011,random,13e51430d055eb5b4bd4fba3900bfaef84f42cb50bde8d7e0c6486fb56ab17932629
84157323348,random,13e51430d055eb5b4bd4fba3900bfaef84f42cb50bde8d7e0c6486fb56ab17932629
84157364095,random,13e51430d055eb5b4bd4fba3900bfaef84f42cb50bde8d7e0c6486fb56ab17932629
84157386340,random,13e51430d055eb5b4bd4fba3900bfaef84f42cb50bde8d7e0c6486fb56ab17932629
84157386520,random,13e51430d055eb5b4bd4fba3900bfaef84f42cb50bde8d7e0c6486fb56ab17932629
84157397380,random,13e51430d055eb5b4bd4fba3900bfaef84f42cb50bde8d7e0c6486fb56ab17932629
84157409536,random,13e51430d055eb5b4bd4fba3900bfaef84f42cb50bde8d7e0c6486fb56ab17932629
84157417115,random,13e51430d055eb5b4bd4fba3900bfaef84f42cb50bde8d7e0c6486fb56ab17932629
84157418595,random,13e51430d055eb5b4bd4fba3900bfaef84f42cb50bde8d7e0c6486fb56ab17932629
84157425499,random,13e51430d055eb5b4bd4fba3900bfaef84f42cb50bde8d7e0c6486fb56ab17932629
84157434835,random,13e51430d055eb5b4bd4fba3900bfaef84f42cb50bde8d7e0c6486fb56ab17932629
84157436098,random,13e51430d055eb5b4bd4fba3900bfaef84f42cb50bde8d7e0c6486fb56ab17932629
84157439762,random,13e51430d055eb5b4bd4fba3900bfaef84f42cb50bde8d7e0c6486fb56ab17932629
84157475934,random,13e51430d055eb5b4bd4fba3900bfaef84f42cb50bde8d7e0c6486fb56ab17932629
84157484342,random,13e51430d055eb5b4bd4fba3900bfaef84f42cb50bde8d7e0c6486fb56ab17932629
84157518966,random,13e51430d055eb5b4bd4fba3900bfaef84f42cb50bde8d7e0c6486fb56ab17932629
84157528127,random,13e51430d055eb5b4bd4fba3900bfaef84f42cb50bde8d7e0c6486fb56ab17932629
84157532391,random,13e51430d055eb5b4bd4fba3900bfaef84f42cb50bde8d7e0c6486fb56ab17932629
84157533202,random,13e51430d055eb5b4bd4fba3900bfaef84f42cb50bde8d7e0c6486fb56ab17932629
84157535605,random,13e51430d055eb5b4bd4fba3900bfaef84f42cb50bde8d7e0c6486fb56ab17932629
84157542180,random,13e51430d055eb5b4bd4fba3900bfaef84f42cb50bde8d7e0c6486fb56ab17932629
84157573473,random,13e51430d055eb5b4bd4fba3900bfaef84f42cb50bde8d7e0c6486fb56ab17932629
84157579305,random,13e51430d055eb5b4bd4fba3900bfaef84f42cb50bde8d7e0c6486fb56ab17932629
84157580084,random,13e51430d055eb5b4bd4fba3900bfaef84f42cb50bde8d7e0c6486fb56ab17932629
84157581231,random,13e51430d055eb5b4bd4fba3900bfaef84f42cb50bde8d7e0c6486fb56ab17932629
84157592754,random,13e51430d055eb5b4bd4fba3900bfaef84f42cb50bde8d7e0c6486fb56ab17932629
84157603714,random,13e51430d055eb5b4bd4fba3900bfaef84f42cb50bde8d7e0c6486fb56ab17932629
84157605774,random,13e51430d055eb5b4bd4fba3900bfaef84f42cb50bde8d7e0c6486fb56ab17932629
84157614297,random,13e51430d055eb5b4bd4fba3900bfaef84f42cb50bde8d7e0c6486fb56ab17932629
84157640139,random,13e51430d055eb5b4bd4fba3900bfaef84f42cb50bde8d7e0c6486fb56ab17932629
84157668199,random,13e51430d055eb5b4bd4fba3900bfaef84f42cb50bde8d7e0c6486fb56ab17932629
84157668240,random,13e51430d055eb5b4bd4fba3900bfaef84f42cb50bde8d7e0c6486fb56ab17932629
84157672862,random,13e51430d055eb5b4bd4fba3900bfaef84f42cb50bde8d7e0c6486fb56ab17932629
84157674142,random,13e51430d055eb5b4bd4fba3900bfaef84f42cb50bde8d7e0c6486fb56ab17932629
84157683334,random,13e51430d055eb5b4bd4fba3900bfaef84f42cb50bde8d7e0c6486fb56ab17932629
84157693236,random,13e51430d055eb5b4bd4fba3900bfaef84f42cb50bde8d7e0c6486fb56ab17932629
84157703257,random,13e51430d055eb5b4bd4fba3900bfaef84f42cb50bde8d7e0c6486fb56ab17932629
84157703852,random,13e51430d055eb5b4bd4fba3900bfaef84f42cb50bde8d7e0c6486fb56ab17932629
84157705718,random,13e51430d055eb5b4bd4fba3900bfaef84f42cb50bde8d7e0c6486fb56ab17932629
84157709355,random,13e51430d055eb5b4bd4fba3900bfaef84f42cb50bde8d7e0c6486fb56ab17932629
84157718787,random,13e51430d055eb5b4bd4fba3900bfaef84f42cb50bde8d7e0c6486fb56ab17932629
84157719050,random,13e51430d055eb5b4bd4fba3900bfaef84f42cb50bde8d7e0c6486fb56ab17932629
84157721512,random,13e51430d055eb5b4bd4fba3900bfaef84f42cb50bde8d7e0c6486fb56ab17932629
84157733733,random,13e51430d055eb5b4bd4fba3900bfaef84f42cb50bde8d7e0c6486fb56ab17932629
84157734919,random,13e51430d055eb5b4bd4fba3900bfaef84f42cb50bde8d7e0c6486fb56ab17932629
84157747039,random,13e51430d055eb5b4bd4fba3900bfaef84f42cb50bde8d7e0c6486fb56ab17932629
84157764194,random,13e51430d055eb5b4bd4fba3900bfaef84f42cb50bde8d7e0c6486fb56ab17932629
84157767911,random,13e51430d055eb5b4bd4fba3900bfaef84f42cb50bde8d7e0c6486fb56ab17932629
84157768828,random,13e51430d055eb5b4bd4fba3900bfaef84f42cb50bde8d7e0c6486fb56ab17932629
84157772789,random,13e51430d055eb5b4bd4fba3900bfaef84f42cb50bde8d7e0c6486fb56ab17932629
84157796045,random,13e51430d055eb5b4bd4fba3900bfaef84f42cb50bde8d7e0c6486fb56ab17932629
84157802080,random,13e51430d055eb5b4bd4fba3900bfaef84f42cb50bde8d7e0c6486fb56ab17932629
84157828510,random,13e51430d055eb5b4bd4fba3900bfaef84f42cb50bde8d7e0c6486fb56ab17932629
84157838110,random,13e51430d055eb5b4bd4fba3900bfaef84f42cb50bde8d7e0c6486fb56ab17932629
84157848699,random,13e51430d055eb5b4bd4fba3900bfaef84f42cb50bde8d7e0c6486fb56ab17932629
84157872489,random,13e51430d055eb5b4bd4fba3900bfaef84f42cb50bde8d7e0c6486fb56ab17932629
84157878280,random,13e51430d055eb5b4bd4fba3900bfaef84f42cb50bde8d7e0c6486fb56ab17932629
84157881158,random,13e51430d055eb5b4bd4fba3900bfaef84f42cb50bde8d7e0c6486fb56ab17932629
84157884099,random,13e51430d055eb5b4bd4fba3900bfaef84f42cb50bde8d7e0c6486fb56ab17932629
84157886405,random,13e51430d055eb5b4bd4fba3900bfaef84f42cb50bde8d7e0c6486fb56ab17932629
84157892683,random,13e51430d055eb5b4bd4fba3900bfaef84f42cb50bde8d7e0c6486fb56ab17932629
84157892773,random,13e51430d055eb5b4bd4fba3900bfaef84f42cb50bde8d7e0c6486fb56ab17932629
84157895298,random,13e51430d055eb5b4bd4fba3900bfaef84f42cb50bde8d7e0c6486fb56ab17932629
84157918956,random,13e51430d055eb5b4bd4fba3900bfaef84f42cb50bde8d7e0c6486fb56ab17932629
84157935669,random,13e51430d055eb5b4bd4fba3900bfaef84f42cb50bde8d7e0c6486fb56ab17932629
84157941928,random,13e51430d055eb5b4bd4fba3900bfaef84f42cb50bde8d7e0c6486fb56ab17932629
84157966710,random,13e51430d055eb5b4bd4fba3900bfaef84f42cb50bde8d7e0c6486fb56ab17932629
84157969321,random,13e51430d055eb5b4bd4fba3900bfaef84f42cb50bde8d7e0c6486fb56ab17932629
84157990634,random,13e51430d055eb5b4bd4fba3900bfaef84f42cb50bde8d7e0c6486fb56ab17932629
84157996572,random,13e51430d055eb5b4bd4fba3900bfaef84f42cb50bde8d7e0c6486fb56ab17932629
84158004244,random,13e51430d055eb5b4bd4fba3900bfaef84f42cb50bde8d7e0c6486fb56ab17932629
84158008837,random,13e51430d055eb5b4bd4fba3900bfaef84f42cb50bde8d7e0c6486fb56ab17932629
84158012158,random,13e51430d055eb5b4bd4fba3900bfaef84f42cb50bde8d7e0c6486fb56ab17932629
84158015430,random,13e51430d055eb5b4bd4fba3900bfaef84f42cb50bde8d7e0c6486fb56ab17932629
84158017482,random,13e51430d055eb5b4bd4fba3900bfaef84f42cb50bde8d7e0c6486fb56ab17932629
84158024577,random,13e51430d055eb5b4bd4fba3900bfaef84f42cb50bde8d7e0c6486fb56ab17932629
84158035068,random,13e51430d055eb5b4bd4fba3900bfaef84f42cb50bde8d7e0c6486fb56ab17932629
84158055402,random,13e51430d055eb5b4bd4fba3900bfaef84f42cb50bde8d7e0c6486fb56ab17932629
84158073232,random,13e51430d055eb5b4bd4fba3900bfaef84f42cb50bde8d7e0c6486fb56ab17932629
84158085075,random,13e51430d055eb5b4bd4fba3900bfaef84f42cb50bde8d7e0c6486fb56ab17932629
84158090915,random,13e51430d055eb5b4bd4fba3900bfaef84f42cb50bde8d7e0c6486fb56ab17932629
84158101778,random,13e51430d055eb5b4bd4fba3900bfaef84f42cb50bde8d7e0c6486fb56ab17932629
84158114391,random,13e51430d055eb5b4bd4fba3900bfaef84f42cb50bde8d7e0c6486fb56ab17932629
84158126196,random,13e51430d055eb5b4bd4fba3900bfaef84f42cb50bde8d7e0c6486fb56ab17932629
84158128709,random,13e51430d055eb5b4bd4fba3900bfaef84f42cb50bde8d7e0c6486fb56ab17932629
84158129771,random,13e51430d055eb5b4bd4fba3900bfaef84f42cb50bde8d7e0c6486fb56ab17932629
84158130849,random,13e51430d055eb5b4bd4fba3900bfaef84f42cb50bde8d7e0c6486fb56ab17932629
84158136557,random,13e51430d055eb5b4bd4fba3900bfaef84f42cb50bde8d7e0c6486fb56ab17932629
84158140104,random,13e51430d055eb5b4bd4fba3900bfaef84f42cb50bde8d7e0c6486fb56ab17932629
84158141140,random,13e51430d055eb5b4bd4fba3900bfaef84f42cb50bde8d7e0c6486fb56ab17932629
84158143035,random,13e51430d055eb5b4bd4fba3900bfaef84f42cb50bde8d7e0c6486fb56ab17932629
84158162632,random,13e51430d055eb5b4bd4fba3900bfaef84f42cb50bde8d7e0c6486fb56ab17932629
84158165892,random,13e51430d055eb5b4bd4fba3900bfaef84f42cb50bde8d7e0c6486fb56ab17932629
84158177417,random,13e51430d055eb5b4bd4fba3900bfaef84f42cb50bde8d7e0c6486fb56ab17932629
84158178359,random,13e51430d055eb5b4bd4fba3900bfaef84f42cb50bde8d7e0c6486fb56ab17932629
84158189079,random,13e51430d055eb5b4bd4fba3900bfaef84f42cb50bde8d7e0c6486fb56ab17932629
84158201575,random,13e51430d055eb5b4bd4fba3900bfaef84f42cb50bde8d7e0c6486fb56ab17932629
84158214430,random,13e51430d055eb5b4bd4fba3900bfaef84f42cb50bde8d7e0c6486fb56ab17932629
84158231294,random,13e51430d055eb5b4bd4fba3900bfaef84f42cb50bde8d7e0c6486fb56ab17932629
84158256213,random,13e51430d055eb5b4bd4fba3900bfaef84f42cb50bde8d7e0c6486fb56ab17932629
84158269349,random,13e51430d055eb5b4bd4fba3900bfaef84f42cb50bde8d7e0c6486fb56ab17932629
84158298615,random,13e51430d055eb5b4bd4fba3900bfaef84f42cb50bde8d7e0c6486fb56ab17932629
84158299322,random,13e51430d055eb5b4bd4fba3900bfaef84f42cb50bde8d7e0c6486fb56ab17932629
84158301249,random,13e51430d055eb5b4bd4fba3900bfaef84f42cb50bde8d7e0c6486fb56ab17932629
84158308098,random,13e51430d055eb5b4bd4fba3900bfaef84f42cb50bde8d7e0c6486fb56ab17932629
84158325173,random,13e51430d055eb5b4bd4fba3900bfaef84f42cb50bde8d7e0c6486fb56ab17932629
84158325917,random,13e51430d055eb5b4bd4fba3900bfaef84f42cb50bde8d7e0c6486fb56ab17932629
84158334347,random,13e51430d055eb5b4bd4fba3900bfaef84f42cb50bde8d7e0c6486fb56ab17932629
84158337012,random,13e51430d055eb5b4bd4fba3900bfaef84f42cb50bde8d7e0c6486fb56ab17932629
84158341191,random,13e51430d055eb5b4bd4fba3900bfaef84f42cb50bde8d7e0c6486fb56ab17932629
84158343579,random,13e51430d055eb5b4bd4fba3900bfaef84f42cb50bde8d7e0c6486fb56ab17932629
84158345490,random,13e51430d055eb5b4bd4fba3900bfaef84f42cb50bde8d7e0c6486fb56ab17932629
84158346426,random,13e51430d055eb5b4bd4fba3900bfaef84f42cb50bde8d7e0c6486fb56ab17932629
84158362018,random,13e51430d055eb5b4bd4fba3900bfaef84f42cb50bde8d7e0c6486fb56ab17932629
84158364208,random,13e51430d055eb5b4bd4fba3900bfaef84f42cb50bde8d7e0c6486fb56ab17932629
84158386884,random,13e51430d055eb5b4bd4fba3900bfaef84f42cb50bde8d7e0c6486fb56ab17932629
84158394109,random,13e51430d055eb5b4bd4fba3900bfaef84f42cb50bde8d7e0c6486fb56ab17932629
84158402192,random,13e51430d055eb5b4bd4fba3900bfaef84f42cb50bde8d7e0c6486fb56ab17932629
84158404438,random,13e51430d055eb5b4bd4fba3900bfaef84f42cb50bde8d7e0c6486fb56ab17932629
84158416311,random,13e51430d055eb5b4bd4fba3900bfaef84f42cb50bde8d7e0c6486fb56ab17932629
84158423906,random,13e51430d055eb5b4bd4fba3900bfaef84f42cb50bde8d7e0c6486fb56ab17932629
84158436151,random,13e51430d055eb5b4bd4fba3900bfaef84f42cb50bde8d7e0c6486fb56ab17932629
84158439673,random,13e51430d055eb5b4bd4fba3900bfaef84f42cb50bde8d7e0c6486fb56ab17932629
84158440022,random,13e51430d055eb5b4bd4fba3900bfaef84f42cb50bde8d7e0c6486fb56ab17932629
84158441831,random,13e51430d055eb5b4bd4fba3900bfaef84f42cb50bde8d7e0c6486fb56ab17932629
84158442083,random,13e51430d055eb5b4bd4fba3900bfaef84f42cb50bde8d7e0c6486fb56ab17932629
84158472652,random,13e51430d055eb5b4bd4fba3900bfaef84f42cb50bde8d7e0c6486fb56ab17932629
84158488706,random,13e51430d055eb5b4bd4fba3900bfaef84f42cb50bde8d7e0c6486fb56ab17932629
84158501107,random,13e51430d055eb5b4bd4fba3900bfaef84f42cb50bde8d7e0c6486fb56ab17932629
84158501129,random,13e51430d055eb5b4bd4fba3900bfaef84f42cb50bde8d7e0c6486fb56ab17932629
84158503602,random,13e51430d055eb5b4bd4fba3900bfaef84f42cb50bde8d7e0c6486fb56ab17932629
84158510735,random,13e51430d055eb5b4bd4fba3900bfaef84f42cb50bde8d7e0c6486fb56ab17932629
84158514699,random,13e51430d055eb5b4bd4fba3900bfaef84f42cb50bde8d7e0c6486fb56ab17932629
84158518230,random,13e51430d055eb5b4bd4fba3900bfaef84f42cb50bde8d7e0c6486fb56ab17932629
84158537716,random,13e51430d055eb5b4bd4fba3900bfaef84f42cb50bde8d7e0c6486fb56ab17932629
84158541764,random,13e51430d055eb5b4bd4fba3900bfaef84f42cb50bde8d7e0c6486fb56ab17932629
84158543847,random,13e51430d055eb5b4bd4fba3900bfaef84f42cb50bde8d7e0c6486fb56ab17932629
84158556969,random,13e51430d055eb5b4bd4fba3900bfaef84f42cb50bde8d7e0c6486fb56ab17932629
84158568427,random,13e51430d055eb5b4bd4fba3900bfaef84f42cb50bde8d7e0c6486fb56ab17932629
84158579633,random,13e51430d055eb5b4bd4fba3900bfaef84f42cb50bde8d7e0c6486fb56ab17932629
84158586226,random,13e51430d055eb5b4bd4fba3900bfaef84f42cb50bde8d7e0c6486fb56ab17932629
84158593062,random,13e51430d055eb5b4bd4fba3900bfaef84f42cb50bde8d7e0c6486fb56ab17932629
84158623916,random,13e51430d055eb5b4bd4fba3900bfaef84f42cb50bde8d7e0c6486fb56ab17932629
84158628253,random,13e51430d055eb5b4bd4fba3900bfaef84f42cb50bde8d7e0c6486fb56ab17932629
84158632994,random,13e51430d055eb5b4bd4fba3900bfaef84f42cb50bde8d7e0c6486fb56ab17932629
84158641811,random,13e51430d055eb5b4bd4fba3900bfaef84f42cb50bde8d7e0c6486fb56ab17932629
84158644485,random,13e51430d055eb5b4bd4fba3900bfaef84f42cb50bde8d7e0c6486fb56ab17932629
84158653047,random,13e51430d055eb5b4bd4fba3900bfaef84f42cb50bde8d7e0c6486fb56ab17932629
84158656609,random,13e51430d055eb5b4bd4fba3900bfaef84f42cb50bde8d7e0c6486fb56ab17932629
84158668784,random,13e51430d055eb5b4bd4fba3900bfaef84f42cb50bde8d7e0c6486fb56ab17932629
84158691096,random,13e51430d055eb5b4bd4fba3900bfaef84f42cb50bde8d7e0c6486fb56ab17932629
84158694167,random,13e51430d055eb5b4bd4fba3900bfaef84f42cb50bde8d7e0c6486fb56ab17932629
84158698533,random,13e51430d055eb5b4bd4fba3900bfaef84f42cb50bde8d7e0c6486fb56ab17932629
84158699169,random,13e51430d055eb5b4bd4fba3900bfaef84f42cb50bde8d7e0c6486fb56ab17932629
84158704230,random,13e51430d055eb5b4bd4fba3900bfaef84f42cb50bde8d7e0c6486fb56ab17932629
84158710132,random,13e51430d055eb5b4bd4fba3900bfaef84f42cb50bde8d7e0c6486fb56ab17932629
84158713685,random,13e51430d055eb5b4bd4fba3900bfaef84f42cb50bde8d7e0c6486fb56ab17932629
84158745250,random,13e51430d055eb5b4bd4fba3900bfaef84f42cb50bde8d7e0c6486fb56ab17932629
84158754115,random,13e51430d055eb5b4bd4fba3900bfaef84f42cb50bde8d7e0c6486fb56ab17932629
84158760806,random,13e51430d055eb5b4bd4fba3900bfaef84f42cb50bde8d7e0c6486fb56ab17932629
84158771407,random,13e51430d055eb5b4bd4fba3900bfaef84f42cb50bde8d7e0c6486fb56ab17932629
84158785192,random,13e51430d055eb5b4bd4fba3900bfaef84f42cb50bde8d7e0c6486fb56ab17932629
84158810162,random,13e51430d055eb5b4bd4fba3900bfaef84f42cb50bde8d7e0c6486fb56ab17932629
84158816049,random,13e51430d055eb5b4bd4fba3900bfaef84f42cb50bde8d7e0c6486fb56ab17932629
84158824106,random,13e51430d055eb5b4bd4fba3900bfaef84f42cb50bde8d7e0c6486fb56ab17932629
84158831701,random,13e51430d055eb5b4bd4fba3900bfaef84f42cb50bde8d7e0c6486fb56ab17932629
84158838370,random,13e51430d055eb5b4bd4fba3900bfaef84f42cb50bde8d7e0c6486fb56ab17932629
84158842217,random,13e51430d055eb5b4bd4fba3900bfaef84f42cb50bde8d7e0c6486fb56ab17932629
84158844626,random,13e51430d055eb5b4bd4fba3900bfaef84f42cb50bde8d7e0c6486fb56ab17932629
84158865435,random,13e51430d055eb5b4bd4fba3900bfaef84f42cb50bde8d7e0c6486fb56ab17932629
84158877765,random,13e51430d055eb5b4bd4fba3900bfaef84f42cb50bde8d7e0c6486fb56ab17932629
84158883527,random,13e51430d055eb5b4bd4fba3900bfaef84f42cb50bde8d7e0c6486fb56ab17932629
84158904666,random,13e51430d055eb5b4bd4fba3900bfaef84f42cb50bde8d7e0c6486fb56ab17932629
84158923802,random,13e51430d055eb5b4bd4fba3900bfaef84f42cb50bde8d7e0c6486fb56ab17932629
84158925340,random,13e51430d055eb5b4bd4fba3900bfaef84f42cb50bde8d7e0c6486fb56ab17932629
84158936756,random,13e51430d055eb5b4bd4fba3900bfaef84f42cb50bde8d7e0c6486fb56ab17932629
84158964993,random,13e51430d055eb5b4bd4fba3900bfaef84f42cb50bde8d7e0c6486fb56ab17932629
84158977964,random,13e51430d055eb5b4bd4fba3900bfaef84f42cb50bde8d7e0c6486fb56ab17932629
84159006185,random,13e51430d055eb5b4bd4fba3900bfaef84f42cb50bde8d7e0c6486fb56ab17932629
84159011784,random,13e51430d055eb5b4bd4fba3900bfaef84f42cb50bde8d7e0c6486fb56ab17932629
84159020039,random,13e51430d055eb5b4bd4fba3900bfaef84f42cb50bde8d7e0c6486fb56ab17932629
84159029714,random,13e51430d055eb5b4bd4fba3900bfaef84f42cb50bde8d7e0c6486fb56ab17932629
84159042600,random,13e51430d055eb5b4bd4fba3900bfaef84f42cb50bde8d7e0c6486fb56ab17932629
84159058983,random,13e51430d055eb5b4bd4fba3900bfaef84f42cb50bde8d7e0c6486fb56ab17932629
84159062471,random,13e51430d055eb5b4bd4fba3900bfaef84f42cb50bde8d7e0c6486fb56ab17932629
84159067063,random,13e51430d055eb5b4bd4fba3900bfaef84f42cb50bde8d7e0c6486fb56ab17932629
84159083656,random,13e51430d055eb5b4bd4fba3900bfaef84f42cb50bde8d7e0c6486fb56ab17932629
84159086036,random,13e51430d055eb5b4bd4fba3900bfaef84f42cb50bde8d7e0c6486fb56ab17932629
84159091543,random,13e51430d055eb5b4bd4fba3900bfaef84f42cb50bde8d7e0c6486fb56ab17932629
84159110637,random,13e51430d055eb5b4bd4fba3900bfaef84f42cb50bde8d7e0c6486fb56ab17932629
84159113179,random,13e51430d055eb5b4bd4fba3900bfaef84f42cb50bde8d7e0c6486fb56ab17932629
84159117143,random,13e51430d055eb5b4bd4fba3900bfaef84f42cb50bde8d7e0c6486fb56ab17932629
84159121554,random,13e51430d055eb5b4bd4fba3900bfaef84f42cb50bde8d7e0c6486fb56ab17932629
84159125726,random,13e51430d055eb5b4bd4fba3900bfaef84f42cb50bde8d7e0c6486fb56ab17932629
84159139688,random,13e51430d055eb5b4bd4fba3900bfaef84f42cb50bde8d7e0c6486fb56ab17932629
84159142392,random,13e51430d055eb5b4bd4fba3900bfaef84f42cb50bde8d7e0c6486fb56ab17932629
84159159473,random,13e51430d055eb5b4bd4fba3900bfaef84f42cb50bde8d7e0c6486fb56ab17932629
84159161987,random,13e51430d055eb5b4bd4fba3900bfaef84f42cb50bde8d7e0c6486fb56ab17932629
84159171078,random,13e51430d055eb5b4bd4fba3900bfaef84f42cb50bde8d7e0c6486fb56ab17932629
84159182454,random,13e51430d055eb5b4bd4fba3900bfaef84f42cb50bde8d7e0c6486fb56ab17932629
84159194353,random,13e51430d055eb5b4bd4fba3900bfaef84f42cb50bde8d7e0c6486fb56ab17932629
84159200236,random,13e51430d055eb5b4bd4fba3900bfaef84f42cb50bde8d7e0c6486fb56ab17932629
84159201721,random,13e51430d055eb5b4bd4fba3900bfaef84f42cb50bde8d7e0c6486fb56ab17932629
84159204409,random,13e51430d055eb5b4bd4fba3900bfaef84f42cb50bde8d7e0c6486fb56ab17932629
84159208753,random,13e51430d055eb5b4bd4fba3900bfaef84f42cb50bde8d7e0c6486fb56ab17932629
84159264295,random,13e51430d055eb5b4bd4fba3900bfaef84f42cb50bde8d7e0c6486fb56ab17932629
84159281955,random,13e51430d055eb5b4bd4fba3900bfaef84f42cb50bde8d7e0c6486fb56ab17932629
84159304197,random,13e51430d055eb5b4bd4fba3900bfaef84f42cb50bde8d7e0c6486fb56ab17932629
84159312357,random,13e51430d055eb5b4bd4fba3900bfaef84f42cb50bde8d7e0c6486fb56ab17932629
84159320160,random,13e51430d055eb5b4bd4fba3900bfaef84f42cb50bde8d7e0c6486fb56ab17932629
84159333290,random,13e51430d055eb5b4bd4fba3900bfaef84f42cb50bde8d7e0c6486fb56ab17932629
84159333905,random,13e51430d055eb5b4bd4fba3900bfaef84f42cb50bde8d7e0c6486fb56ab17932629
84159366091,random,13e51430d055eb5b4bd4fba3900bfaef84f42cb50bde8d7e0c6486fb56ab17932629
84159369571,random,13e51430d055eb5b4bd4fba3900bfaef84f42cb50bde8d7e0c6486fb56ab17932629
84159374375,random,13e51430d055eb5b4bd4fba3900bfaef84f42cb50bde8d7e0c6486fb56ab17932629
84159394675,random,13e51430d055eb5b4bd4fba3900bfaef84f42cb50bde8d7e0c6486fb56ab17932629
84159398096,random,13e51430d055eb5b4bd4fba3900bfaef84f42cb50bde8d7e0c6486fb56ab17932629
84159400960,random,13e51430d055eb5b4bd4fba3900bfaef84f42cb50bde8d7e0c6486fb56ab17932629
84159407073,random,13e51430d055eb5b4bd4fba3900bfaef84f42cb50bde8d7e0c6486fb56ab17932629
84159407736,random,13e51430d055eb5b4bd4fba3900bfaef84f42cb50bde8d7e0c6486fb56ab17932629
84159424433,random,13e51430d055eb5b4bd4fba3900bfaef84f42cb50bde8d7e0c6486fb56ab17932629
84159428398,random,13e51430d055eb5b4bd4fba3900bfaef84f42cb50bde8d7e0c6486fb56ab17932629
84159442982,random,13e51430d055eb5b4bd4fba3900bfaef84f42cb50bde8d7e0c6486fb56ab17932629
84159458175,random,13e51430d055eb5b4bd4fba3900bfaef84f42cb50bde8d7e0c6486fb56ab17932629
84159501861,random,13e51430d055eb5b4bd4fba3900bfaef84f42cb50bde8d7e0c6486fb56ab17932629
84159502721,random,13e51430d055eb5b4bd4fba3900bfaef84f42cb50bde8d7e0c6486fb56ab17932629
84159510142,random,13e51430d055eb5b4bd4fba3900bfaef84f42cb50bde8d7e0c6486fb56ab17932629
84159511733,random,13e51430d055eb5b4bd4fba3900bfaef84f42cb50bde8d7e0c6486fb56ab17932629
84159521729,random,13e51430d055eb5b4bd4fba3900bfaef84f42cb50bde8d7e0c6486fb56ab17932629
84159527144,random,13e51430d055eb5b4bd4fba3900bfaef84f42cb50bde8d7e0c6486fb56ab17932629
84159529853,random,13e51430d055eb5b4bd4fba3900bfaef84f42cb50bde8d7e0c6486fb56ab17932629
84159537057,random,13e51430d055eb5b4bd4fba3900bfaef84f42cb50bde8d7e0c6486fb56ab17932629
84159541433,random,13e51430d055eb5b4bd4fba3900bfaef84f42cb50bde8d7e0c6486fb56ab17932629
84159548173,random,13e51430d055eb5b4bd4fba3900bfaef84f42cb50bde8d7e0c6486fb56ab17932629
84159558156,random,13e51430d055eb5b4bd4fba3900bfaef84f42cb50bde8d7e0c6486fb56ab17932629
84159595149,random,13e51430d055eb5b4bd4fba3900bfaef84f42cb50bde8d7e0c6486fb56ab17932629
84159624563,random,13e51430d055eb5b4bd4fba3900bfaef84f42cb50bde8d7e0c6486fb56ab17932629
84159627988,random,13e51430d055eb5b4bd4fba3900bfaef84f42cb50bde8d7e0c6486fb56ab17932629
84159634109,random,13e51430d055eb5b4bd4fba3900bfaef84f42cb50bde8d7e0c6486fb56ab17932629
84159640913,random,13e51430d055eb5b4bd4fba3900bfaef84f42cb50bde8d7e0c6486fb56ab17932629
84159667532,random,13e51430d055eb5b4bd4fba3900bfaef84f42cb50bde8d7e0c6486fb56ab17932629
84159672266,random,13e51430d055eb5b4bd4fba3900bfaef84f42cb50bde8d7e0c6486fb56ab17932629
84159708130,random,13e51430d055eb5b4bd4fba3900bfaef84f42cb50bde8d7e0c6486fb56ab17932629
84159723196,random,13e51430d055eb5b4bd4fba3900bfaef84f42cb50bde8d7e0c6486fb56ab17932629
84159723911,random,13e51430d055eb5b4bd4fba3900bfaef84f42cb50bde8d7e0c6486fb56ab17932629
84159743065,random,13e51430d055eb5b4bd4fba3900bfaef84f42cb50bde8d7e0c6486fb56ab17932629
84159744268,random,13e51430d055eb5b4bd4fba3900bfaef84f42cb50bde8d7e0c6486fb56ab17932629
84159762497,random,13e51430d055eb5b4bd4fba3900bfaef84f42cb50bde8d7e0c6486fb56ab17932629
84159763154,random,13e51430d055eb5b4bd4fba3900bfaef84f42cb50bde8d7e0c6486fb56ab17932629
84159764335,random,13e51430d055eb5b4bd4fba3900bfaef84f42cb50bde8d7e0c6486fb56ab17932629
84159798234,random,13e51430d055eb5b4bd4fba3900bfaef84f42cb50bde8d7e0c6486fb56ab17932629
84159805081,random,13e51430d055eb5b4bd4fba3900bfaef84f42cb50bde8d7e0c6486fb56ab17932629
84159837516,random,13e51430d055eb5b4bd4fba3900bfaef84f42cb50bde8d7e0c6486fb56ab17932629
84159838362,random,13e51430d055eb5b4bd4fba3900bfaef84f42cb50bde8d7e0c6486fb56ab17932629
84159875476,random,13e51430d055eb5b4bd4fba3900bfaef84f42cb50bde8d7e0c6486fb56ab17932629
84159886406,random,13e51430d055eb5b4bd4fba3900bfaef84f42cb50bde8d7e0c6486fb56ab17932629
84159926600,random,13e51430d055eb5b4bd4fba3900bfaef84f42cb50bde8d7e0c6486fb56ab17932629
84159932891,random,13e51430d055eb5b4bd4fba3900bfaef84f42cb50bde8d7e0c6486fb56ab17932629
84159949792,random,13e51430d055eb5b4bd4fba3900bfaef84f42cb50bde8d7e0c6486fb56ab17932629
84159963159,random,13e51430d055eb5b4bd4fba3900bfaef84f42cb50bde8d7e0c6486fb56ab17932629
84159968960,random,13e51430d055eb5b4bd4fba3900bfaef84f42cb50bde8d7e0c6486fb56ab17932629
84159970710,random,13e51430d055eb5b4bd4fba3900bfaef84f42cb50bde8d7e0c6486fb56ab17932629
84159980315,random,13e51430d055eb5b4bd4fba3900bfaef84f42cb50bde8d7e0c6486fb56ab17932629
84159984737,random,13e51430d055eb5b4bd4fba3900bfaef84f42cb50bde8d7e0c6486fb56ab17932629
84159985585,random,13e51430d055eb5b4bd4fba3900bfaef84f42cb50bde8d7e0c6486fb56ab17932629
84159990475,random,13e51430d055eb5b4bd4fba3900bfaef84f42cb50bde8d7e0c6486fb56ab17932629
84388456121,random,13e51430d055eb5b4bd4fba3900bfaef84f42cb50bde8d7e0c6486fb56ab17932629
84388456123,random,13e51430d055eb5b4bd4fba3900bfaef84f42cb50bde8d7e0c6486fb56ab17932629